country,iso3,year,liner_shipping_index,container_throughput_teu,merchandise_trade_pct_gdp,lpi_score,exports_usd,region,sub_region,shipping_trade_ratio,port_efficiency_score
Angola,AGO,2012,,,,2.28,,Africa,Central Africa,,
Angola,AGO,2014,22.3164471107,,,2.54298,,Africa,Central Africa,,
Angola,AGO,2015,20.7492970884,814965.0,,,,Africa,Central Africa,,
Angola,AGO,2016,26.6666499601,572298.0,66.8569470798393,2.241183,14765476550.511,Africa,Central Africa,0.39886131695865784,255355.3190435587
Angola,AGO,2017,25.08878115,735431.0,57.3119584481415,,21480034960.3071,Africa,Central Africa,0.4377582241008477,
Angola,AGO,2018,23.4332774455,618238.0,62.4886320616714,2.05,32444713522.9617,Africa,Central Africa,0.37500064687562984,301579.51219512196
Angola,AGO,2019,30.4678320108,700123.0,60.8346839289744,,30001180996.3226,Africa,Central Africa,0.5008299549377415,
Angola,AGO,2020,23.6039730155,590128.0,53.7889352887738,,18583150428.118,Africa,Central Africa,0.438825808482332,
Angola,AGO,2021,23.3879860863,628348.0,58.5701353794977,,31385829560.7359,Africa,Central Africa,0.3993158959725897,
Angola,AGO,2022,,678333.0,53.8687258501231,2.1,46181518625.9944,Africa,Central Africa,,323015.71428571426
Angola,AGO,2023,,662054.0,52.0565606337912,,34643370052.2038,Africa,Central Africa,,
Angola,AGO,2024,,709221.0,51.60624984055,,31830777324.7249,Africa,Central Africa,,
Angola,AGO,2025,,,38.8434974026826,,28073040732.7773,Africa,Central Africa,,
Cote d'Ivoire,CIV,2012,,,,2.73,,Africa,West Africa,,
Cote d'Ivoire,CIV,2014,22.4579503436,,,2.761981,,Africa,West Africa,,
Cote d'Ivoire,CIV,2015,21.5692586524,927379.0,,,,Africa,West Africa,,
Cote d'Ivoire,CIV,2016,20.6383670749,885750.0,40.1939680399576,2.602573,12073797174.534,Africa,West Africa,0.5134692612180762,340336.2749094838
Cote d'Ivoire,CIV,2017,18.9750549279,907646.0,40.8799119714655,,13390010535.4842,Africa,West Africa,0.46416574823215706,
Cote d'Ivoire,CIV,2018,19.605379262,924596.0,39.0995064894614,3.08,13281208105.2104,Africa,West Africa,0.5014226782449107,300193.5064935065
Cote d'Ivoire,CIV,2019,19.9702011986,994646.0,38.4231331013285,,13683059068.9034,Africa,West Africa,0.5197442162234688,
Cote d'Ivoire,CIV,2020,19.9814975669,979517.0,36.4616577863551,,13231732415.0367,Africa,West Africa,0.5480139626119138,
Cote d'Ivoire,CIV,2021,19.2845020632,1042418.0,40.2502180749312,,16230487159.2541,Africa,West Africa,0.4791154678292502,
Cote d'Ivoire,CIV,2022,,1083605.0,48.38780757823,,17211097451.1321,Africa,West Africa,,
Cote d'Ivoire,CIV,2023,,1476195.0,46.0409211318117,,18123337011.1187,Africa,West Africa,,
Cote d'Ivoire,CIV,2024,,1802000.0,43.3550931889167,,22673827945.9702,Africa,West Africa,,
Cote d'Ivoire,CIV,2025,,,47.8543634946102,,29717948364.1736,Africa,West Africa,,
Cameroon,CMR,2012,,,,2.53,,Africa,Central Africa,,
Cameroon,CMR,2014,16.7541583881,,,2.296616,,Africa,Central Africa,,
Cameroon,CMR,2015,13.5363213846,379915.0,,,,Africa,Central Africa,,
Cameroon,CMR,2016,16.780951793,370000.0,25.1697970267184,2.151499,6407809686.3797,Africa,Central Africa,0.6667098576594233,171973.1219954088
Cameroon,CMR,2017,15.3811266707,386367.0,22.2418924302504,,6624479953.0876,Africa,Central Africa,0.6915385783352087,
Cameroon,CMR,2018,24.4495545809,378758.0,23.6738062211437,2.6,7486173533.2258,Africa,Central Africa,1.0327682144776305,145676.15384615384
Cameroon,CMR,2019,15.4146205335,370493.0,26.8908571213348,,7874085866.66636,Africa,Central Africa,0.5732290519393773,
Cameroon,CMR,2020,18.9457722405,421854.0,21.2222520216774,,6212103784.55953,Africa,Central Africa,0.8927314698340167,
Cameroon,CMR,2021,18.5331935606,360512.0,25.1000082776787,,7430968539.29677,Africa,Central Africa,0.7383740019353487,
Cameroon,CMR,2022,,338412.0,30.3468948595835,2.1,8568684369.04679,Africa,Central Africa,,161148.57142857142
Cameroon,CMR,2023,,348470.0,26.9551046981702,,8226588945.45928,Africa,Central Africa,,
Cameroon,CMR,2024,,350000.0,25.5344166717683,,8353326094.39976,Africa,Central Africa,,
Cameroon,CMR,2025,,,24.6040220530055,,7713888549.30439,Africa,Central Africa,,
Algeria,DZA,2012,,,,2.41,,Africa,North Africa,,
Algeria,DZA,2014,11.4142105199,,,2.649451,,Africa,North Africa,,
Algeria,DZA,2015,13.1093862431,1694426.0,,,,Africa,North Africa,,
Algeria,DZA,2016,13.4557875276,1831056.0,42.6606340094642,2.769683,33417246978.2851,Africa,North Africa,0.315414616777961,661106.7042690445
Algeria,DZA,2017,12.277666841,1725198.0,42.7899811540678,,38609773040.5942,Africa,North Africa,0.2869285405103019,
Algeria,DZA,2018,12.0946660784,1844422.0,45.2968229485962,2.45,45570702426.4208,Africa,North Africa,0.26700914746549187,752825.3061224489
Algeria,DZA,2019,12.6028856061,1793990.0,41.3233431383382,,39481135535.1468,Africa,North Africa,0.3049822364059293,
Algeria,DZA,2020,12.8425180087,1541273.0,34.8625033857803,,25613416650.3651,Africa,North Africa,0.3683762427094722,
Algeria,DZA,2021,12.2292992498,,40.8647948623329,,43660727771.3446,Africa,North Africa,0.29926246518546334,
Algeria,DZA,2022,,1530969.0,46.3614848352994,2.5,69460098852.0897,Africa,North Africa,,612387.6
Algeria,DZA,2023,,1545930.0,39.6883902981106,,58981242697.4026,Africa,North Africa,,
Algeria,DZA,2024,,1827788.0,35.0516858153989,,53466882956.8478,Africa,North Africa,,
Algeria,DZA,2025,,,33.2716413245159,,48321061532.7539,Africa,North Africa,,
"Egypt, Arab Rep.",EGY,2012,,,,2.98,,Africa,North Africa,,
"Egypt, Arab Rep.",EGY,2014,55.6266693031,,,2.965911,,Africa,North Africa,,
"Egypt, Arab Rep.",EGY,2015,55.5437539198,6490063.0,,,,Africa,North Africa,,
"Egypt, Arab Rep.",EGY,2016,56.0794476654,5887541.0,24.4424798848454,3.184964,34392638036.8098,Africa,North Africa,2.2943436152798005,1848542.4011072025
"Egypt, Arab Rep.",EGY,2017,56.928303866,6337413.0,35.122413632758,,37289402173.913,Africa,North Africa,1.6208539783525604,
"Egypt, Arab Rep.",EGY,2018,55.2072911093,6701763.0,37.9391899189919,2.82,47225661226.7867,Africa,North Africa,1.4551520796089508,2376511.7021276597
"Egypt, Arab Rep.",EGY,2019,61.1718524244,7403472.0,31.3767326661901,,53041002277.9043,Africa,North Africa,1.9495928105451061,
"Egypt, Arab Rep.",EGY,2020,68.5087319001,7564385.0,22.8144683548419,,47872738615.0967,Africa,North Africa,3.002863395042052,
"Egypt, Arab Rep.",EGY,2021,66.6745889083,7226065.0,27.2822470021461,,44850223072.0204,Africa,North Africa,2.4438818731849756,
"Egypt, Arab Rep.",EGY,2022,,7646643.0,30.8234300286898,3.1,71927051671.7325,Africa,North Africa,,2466659.0322580645
"Egypt, Arab Rep.",EGY,2023,,8360875.0,31.645049173425,,75645996851.8977,Africa,North Africa,,
"Egypt, Arab Rep.",EGY,2024,,8581339.0,32.984637200057,,63713393301.1736,Africa,North Africa,,
"Egypt, Arab Rep.",EGY,2025,,,40.7775802668696,,72393571621.6233,Africa,North Africa,,
Ethiopia,ETH,2012,,,,2.24,,Africa,East Africa,,
Ethiopia,ETH,2014,,,,2.593625,,Africa,East Africa,,
Ethiopia,ETH,2016,,,28.0653603386411,2.376767,5349377912.66376,Africa,East Africa,,
Ethiopia,ETH,2017,,,24.5959980733209,,5826254533.33333,Africa,East Africa,,
Ethiopia,ETH,2018,,,21.6096155150915,,6977614238.63636,Africa,East Africa,,
Ethiopia,ETH,2019,,,18.8327880883815,,7291628539.93174,Africa,East Africa,,
Ethiopia,ETH,2020,,,16.5925507966739,,7032893577.0121,Africa,East Africa,,
Ethiopia,ETH,2021,,,18.2651733625901,,8323978508.07578,Africa,East Africa,,
Ethiopia,ETH,2022,,,18.3798473306519,,10151637925.551,Africa,East Africa,,
Ethiopia,ETH,2023,,,15.2486758230046,,8962144165.66712,Africa,East Africa,,
Ethiopia,ETH,2024,,,16.0791719592128,,8294520632.75419,Africa,East Africa,,
Ethiopia,ETH,2025,,,24.2143879662329,,16785187367.6025,Africa,East Africa,,
Ghana,GHA,2012,,,,2.51,,Africa,West Africa,,
Ghana,GHA,2014,21.714283643,,,2.626934,,Africa,West Africa,,
Ghana,GHA,2015,22.7546413984,840595.0,,,,Africa,West Africa,,
Ghana,GHA,2016,20.6238379517,942463.0,42.8503902951703,2.660931,17513188147.4573,Africa,West Africa,0.4812987188596163,354185.4335944825
Ghana,GHA,2017,19.5846188798,1009755.0,43.8549647138993,,20456689539.6174,Africa,West Africa,0.446577006903688,
Ghana,GHA,2018,20.084039529,1056785.0,41.7443795466076,2.57,22501546548.8178,Africa,West Africa,0.4811196081277521,411200.3891050584
Ghana,GHA,2019,36.6509751579,1079247.0,42.5426209945473,,25597786148.2046,Africa,West Africa,0.8615119214821665,
Ghana,GHA,2020,39.9862068986,1324504.0,38.4254746538806,,22070393252.1853,Africa,West Africa,1.0406171233739538,
Ghana,GHA,2021,37.1852140752,1604724.0,35.6615526699214,,23898089227.0418,Africa,West Africa,1.0427256047817495,
Ghana,GHA,2022,,1244245.0,43.1512853446266,2.5,25623315466.9184,Africa,West Africa,,497698.0
Ghana,GHA,2023,,1226635.0,38.129221445048,,25590486225.4334,Africa,West Africa,,
Ghana,GHA,2024,,1701246.0,41.4906793642673,,29197465998.8647,Africa,West Africa,,
Ghana,GHA,2025,,,42.5173279686179,,,Africa,West Africa,,
Kenya,KEN,2012,,,,2.43,,Africa,East Africa,,
Kenya,KEN,2014,15.2884374201,,,2.812079,,Africa,East Africa,,
Kenya,KEN,2015,18.7720165257,1076118.0,,,,Africa,East Africa,,
Kenya,KEN,2016,15.5326793267,1091000.0,26.4679032852238,3.331295,9912815673.9736,Africa,East Africa,0.5868496329050518,327500.26641291153
Kenya,KEN,2017,15.9432625966,1190000.0,27.3463604925433,,10448711418.2037,Africa,East Africa,0.583012229395109,
Kenya,KEN,2018,17.3444249121,1306283.0,25.4113261889572,2.81,11564075006.3765,Africa,East Africa,0.6825470179371129,464869.3950177936
Kenya,KEN,2019,17.3822270863,1417000.0,23.405425395813,,11471243360.3894,Africa,East Africa,0.7426580287410417,
Kenya,KEN,2020,16.7250428433,1359579.0,21.3287621622631,,11516270712.1545,Africa,East Africa,0.784154406901848,
Kenya,KEN,2021,16.4831343637,1435565.0,23.9718531382575,,14381862480.2642,Africa,East Africa,0.6876036770554881,
Kenya,KEN,2022,,1430000.0,24.9692050215491,,18262655904.9193,Africa,East Africa,,
Kenya,KEN,2023,,1623080.0,23.9774770928872,,17966992982.8146,Africa,East Africa,,
Kenya,KEN,2024,,2005076.0,23.5262286138528,,20292950694.2844,Africa,East Africa,,
Kenya,KEN,2025,,,22.2265085698769,,21429875346.9498,Africa,East Africa,,
Libya,LBY,2012,,,,2.28,,Africa,North Africa,,
Libya,LBY,2014,17.1036564917,,,2.496979,,Africa,North Africa,,
Libya,LBY,2015,13.3842010848,,,,,Africa,North Africa,,
Libya,LBY,2016,9.0313953229,124050.0,63.1871161850361,2.264495,7276125978.06769,Africa,North Africa,0.14293096232549388,54780.425657817745
Libya,LBY,2017,13.3524254804,105636.0,45.0984946808624,,18264984000.8035,Africa,North Africa,0.29607253135360456,
Libya,LBY,2018,13.0907833848,,58.3352667140519,2.11,30378023791.0514,Africa,North Africa,0.22440599181569645,
Libya,LBY,2019,12.9710479053,265098.0,64.0463829206081,,29332965257.6089,Africa,North Africa,0.202525846328885,
Libya,LBY,2020,12.4010752455,343599.0,41.7080312210866,,9541308319.41711,Africa,North Africa,0.2973306311142854,
Libya,LBY,2021,12.3715284858,422100.0,130.410601613948,,32419787680.6016,Africa,North Africa,0.09486597203518161,
Libya,LBY,2022,,428760.0,127.925400920962,1.9,39778344211.4613,Africa,North Africa,,225663.15789473685
Libya,LBY,2023,,465168.0,116.458595064653,,37688122856.9238,Africa,North Africa,,
Libya,LBY,2024,,,100.420418151088,,34779502869.0818,Africa,North Africa,,
Libya,LBY,2025,,,102.698793791368,,34493399341.6137,Africa,North Africa,,
Morocco,MAR,2012,,,,3.03,,Africa,North Africa,,
Morocco,MAR,2014,57.8327386808,,,,,Africa,North Africa,,
Morocco,MAR,2015,58.2901760135,3987251.0,,,,Africa,North Africa,,
Morocco,MAR,2016,61.1905494817,4106683.0,57.4081815703738,2.665994,34291493550.4303,Africa,North Africa,1.065885520284066,1540394.6895604415
Morocco,MAR,2017,66.3883495341,4509580.0,58.8507360965101,,38651885813.4308,Africa,North Africa,1.1280801896042365,
Morocco,MAR,2018,62.5369528895,4715747.0,62.5461616394071,2.54,43077520359.3568,Africa,North Africa,0.9998527687444644,1856593.3070866142
Morocco,MAR,2019,62.0447837254,6068803.0,61.9499185227724,,43952860516.0238,Africa,North Africa,1.001531320861911,
Morocco,MAR,2020,68.0522500059,7000928.0,58.498448865357,,37369771251.448,Africa,North Africa,1.1633171703839964,
Morocco,MAR,2021,69.3039477287,8448850.0,66.1002952825673,,47060549921.4328,Africa,North Africa,1.0484665375916649,
Morocco,MAR,2022,,8840340.0,86.3177492431792,,58681916332.2068,Africa,North Africa,,
Morocco,MAR,2023,,9964417.0,75.5114692752826,,61945010973.2121,Africa,North Africa,,
Morocco,MAR,2024,,11789130.0,75.2906117739302,,67454245753.4821,Africa,North Africa,,
Morocco,MAR,2025,,,75.2112754621316,,76541039367.7208,Africa,North Africa,,
Madagascar,MDG,2012,,,,2.72,,Africa,East Africa,,
Madagascar,MDG,2014,12.196936528,,,2.382349,,Africa,East Africa,,
Madagascar,MDG,2015,10.0492020036,138500.0,,,,Africa,East Africa,,
Madagascar,MDG,2016,9.5579909948,138850.0,44.0557862916666,2.154639,3447066213.68097,Africa,East Africa,0.21695200107251175,64442.34973932988
Madagascar,MDG,2017,9.3070569706,220000.0,49.4675536804937,,4071827552.94261,Africa,East Africa,0.1881446782412854,
Madagascar,MDG,2018,9.3219924399,179425.0,52.114699527858,2.39,4339367350.69394,Africa,East Africa,0.17887453107000864,75073.22175732217
Madagascar,MDG,2019,8.4532097783,199712.5,47.062444597605,,4009166482.22619,Africa,East Africa,0.17961688668272413,
Madagascar,MDG,2020,7.765154056,,40.2024567093066,,2628831060.657,Africa,East Africa,0.19315123232761092,
Madagascar,MDG,2021,7.4851032045,,49.7257630287997,,3314741894.16389,Africa,East Africa,0.1505276691312881,
Madagascar,MDG,2022,,,59.1832505524163,2.3,4680944198.87187,Africa,East Africa,,
Madagascar,MDG,2023,,,49.6548294826966,,4285471210.35863,Africa,East Africa,,
Madagascar,MDG,2024,,,42.1478458192217,,4223672838.17646,Africa,East Africa,,
Madagascar,MDG,2025,,,39.4386399687679,,4185661511.34711,Africa,East Africa,,
Mozambique,MOZ,2014,13.3641654336,,,2.228925,,Africa,East Africa,,
Mozambique,MOZ,2015,11.609112324,335200.0,,,,Africa,East Africa,,
Mozambique,MOZ,2016,11.4523192496,,70.7097834974499,2.684105,4270264152.95059,Africa,East Africa,0.16196230115756216,
Mozambique,MOZ,2017,10.8702151016,,79.1276618816034,,5444267918.05269,Africa,East Africa,0.13737566412444754,
Mozambique,MOZ,2018,11.3208663435,372218.0,91.6739091289532,,6837559087.08865,Africa,East Africa,0.12349060328141448,
Mozambique,MOZ,2019,12.0822481088,411938.0,80.4885833811664,,5761757708.23501,Africa,East Africa,0.1501113276100612,
Mozambique,MOZ,2020,14.5453869944,417459.0,71.891098926298,,4667776262.86619,Africa,East Africa,0.20232528382007037,
Mozambique,MOZ,2021,14.1337350129,440582.0,89.4479860114536,,6523890986.02307,Africa,East Africa,0.1580106567306078,
Mozambique,MOZ,2022,,420500.0,121.63586674618,,9409084985.62579,Africa,East Africa,,
Mozambique,MOZ,2023,,489000.0,87.769688098876,,9543000054.48782,Africa,East Africa,,
Mozambique,MOZ,2024,,,76.5814563698123,,9743034216.41499,Africa,East Africa,,
Mozambique,MOZ,2025,,,77.4912807276577,,9243792672.4646,Africa,East Africa,,
Nigeria,NGA,2012,,,,2.45,,Africa,West Africa,,
Nigeria,NGA,2014,22.5798111768,,,2.808778,,Africa,West Africa,,
Nigeria,NGA,2015,23.6589031674,1544183.0,,,,Africa,West Africa,,
Nigeria,NGA,2016,23.0003181718,1272000.0,17.0107868037786,2.62809,,Africa,West Africa,1.3521019596042994,484001.6894398594
Nigeria,NGA,2017,21.2323584328,1408000.0,20.1575144413897,,,Africa,West Africa,1.0533222483622935,
Nigeria,NGA,2018,21.2874108943,1560000.0,24.5540341880582,2.53,,Africa,West Africa,0.866961849578799,616600.790513834
Nigeria,NGA,2019,21.5339669626,1627142.0,17.627128982842,,,Africa,West Africa,1.2216377938551912,
Nigeria,NGA,2020,21.2509510936,1548622.0,11.9237507201125,,,Africa,West Africa,1.7822371158560668,
Nigeria,NGA,2021,20.7664411287,1566109.0,16.2113387688552,,,Africa,West Africa,1.2809824916246857,
Nigeria,NGA,2022,,1566109.0,19.0781282725751,2.6,,Africa,West Africa,,602349.6153846154
Nigeria,NGA,2023,,1566109.0,21.4634013401566,,,Africa,West Africa,,
Nigeria,NGA,2024,,,37.493972512774,,,Africa,West Africa,,
Nigeria,NGA,2025,,,33.328706748657,,,Africa,West Africa,,
Senegal,SEN,2012,,,,2.49,,Africa,West Africa,,
Senegal,SEN,2014,14.0182795776,,,2.62217,,Africa,West Africa,,
Senegal,SEN,2015,16.6148453051,529724.0,,,,Africa,West Africa,,
Senegal,SEN,2016,16.67368058,540000.0,42.6358552209813,2.327711,4105254723.24457,Africa,West Africa,0.39107179845649737,231987.56202982244
Senegal,SEN,2017,18.6591155682,570500.0,46.3532923956841,,4604563711.6937,Africa,West Africa,0.40254132131372244,
Senegal,SEN,2018,17.0942938673,674000.0,50.5868018047537,2.25,5305072986.89084,Africa,West Africa,0.3379200356108227,299555.55555555556
Senegal,SEN,2019,16.8825451148,695698.0,52.6534015992011,,5847051726.26615,Africa,West Africa,0.32063541199693646,
Senegal,SEN,2020,17.0321028723,696899.0,47.8628391584428,,5077951817.12245,Africa,West Africa,0.3558523307804153,
Senegal,SEN,2021,17.5368934006,769358.0,54.1445328365174,,6781011708.68501,Africa,West Africa,0.32389038157463546,
Senegal,SEN,2022,,738000.0,63.97720711662,,7417917497.04587,Africa,West Africa,,
Senegal,SEN,2023,,848276.0,56.0197237718848,,7092836396.8035,Africa,West Africa,,
Senegal,SEN,2024,,881239.0,55.0171034260419,,8197606373.40137,Africa,West Africa,,
Senegal,SEN,2025,,,59.9623803132123,,12022634773.9314,Africa,West Africa,,
Tunisia,TUN,2012,,,,3.17,,Africa,North Africa,,
Tunisia,TUN,2014,7.5872356645,,,2.550996,,Africa,North Africa,,
Tunisia,TUN,2015,8.1582243122,471248.0,,,,Africa,North Africa,,
Tunisia,TUN,2016,7.550631019,489670.0,74.467867169569,2.496688,16987820950.6092,Africa,North Africa,0.10139448470850707,196127.83014938192
Tunisia,TUN,2017,7.6696157466,480619.0,82.6733423682624,,17590956528.9273,Africa,North Africa,0.09277011823758442,
Tunisia,TUN,2018,7.4756725652,493366.0,89.5669497510742,2.57,19416275921.684,Africa,North Africa,0.08346463272419681,191971.20622568094
Tunisia,TUN,2019,7.1847949964,474222.0,87.0932836089983,,19255781270.1806,Africa,North Africa,0.08249539687418193,
Tunisia,TUN,2020,6.1457124177,483178.0,75.6828716164821,,16143392839.7452,Africa,North Africa,0.08120347823009395,
Tunisia,TUN,2021,5.6244635779,469658.0,83.2213901026724,,19667292546.3067,Africa,North Africa,0.06758435026092394,
Tunisia,TUN,2022,,431420.0,100.638950406793,,23060703698.9303,Africa,North Africa,,
Tunisia,TUN,2023,,444714.0,94.3256722864176,,25567813964.9285,Africa,North Africa,,
Tunisia,TUN,2024,,491955.0,89.5547543637167,,25706930119.5514,Africa,North Africa,,
Tunisia,TUN,2025,,,86.75050309611,,26826069545.4849,Africa,North Africa,,
Tanzania,TZA,2012,,,,2.65,,Africa,East Africa,,
Tanzania,TZA,2014,13.8426477693,,,2.330834,,Africa,East Africa,,
Tanzania,TZA,2015,18.1086815554,639230.0,,,,Africa,East Africa,,
Tanzania,TZA,2016,15.4285168573,630290.0,27.7250904097774,2.990185,8138103520.92867,Africa,East Africa,0.5564821116637026,210786.28914264502
Tanzania,TZA,2017,14.7162272078,617266.0,23.2980326637046,,8344707045.48532,Africa,East Africa,0.6316510677198092,
Tanzania,TZA,2018,16.9878829883,705231.0,23.0879697694696,,8401858982.5961,Africa,East Africa,0.7357893811331971,
Tanzania,TZA,2019,16.0268081861,726431.0,23.6896185388871,,9786702081.68473,Africa,East Africa,0.6765329783504784,
Tanzania,TZA,2020,15.6559319296,709881.0,21.9468397397756,,8921839002.43059,Africa,East Africa,0.7133570078987634,
Tanzania,TZA,2021,15.8095346846,700000.0,23.2324026129095,,9976590469.46969,Africa,East Africa,0.6804950373843448,
Tanzania,TZA,2022,,700000.0,27.7811801468979,,11675750363.0616,Africa,East Africa,,
Tanzania,TZA,2023,,,26.5769345009067,,13589709118.2193,Africa,East Africa,,
Tanzania,TZA,2024,,985000.0,28.8985849996803,,15635226302.0557,Africa,East Africa,,
Tanzania,TZA,2025,,,27.4739732472238,,17113455948.0633,Africa,East Africa,,
United States,USA,2012,,,,3.93,,USA,North America,,
United States,USA,2014,85.5823390349,,,3.917825,,USA,North America,,
United States,USA,2015,87.1968295944,46496985.0,,,,USA,North America,,
United States,USA,2016,82.0461664838,46940227.0,19.68190440445,3.992172,2235558000000.0,USA,North America,4.168609134451933,11758067.287681993
United States,USA,2017,85.6698777328,50196165.0,20.1648400564101,,2388260000000.0,USA,North America,4.248477919643446,
United States,USA,2018,92.0496648498,52994177.0,20.7111547755682,3.89,2538089000000.0,USA,North America,4.444448696718054,13623181.74807198
United States,USA,2019,95.6156319109,54236516.0,19.5478622034132,,2539391000000.0,USA,North America,4.891360032924972,
United States,USA,2020,103.852253372,53059014.0,17.9266274908854,,2163837000000.0,USA,North America,5.793184101404604,
United States,USA,2021,102.6129324202,60874671.0,19.7660126837437,,2568697000000.0,USA,North America,5.191382503998526,
United States,USA,2022,,61191458.0,20.8673519400441,3.8,3036430000000.0,USA,North America,,16103015.263157895
United States,USA,2023,,54618858.0,18.6480154966016,,3073360000000.0,USA,North America,,
United States,USA,2024,,59707490.0,18.4993364567078,,3215368000000.0,USA,North America,,
United States,USA,2025,,,18.4979834057531,,,USA,North America,,
South Africa,ZAF,2012,,,,3.67,,Africa,Southern Africa,,
South Africa,ZAF,2014,38.4086542533,,,3.431244,,Africa,Southern Africa,,
South Africa,ZAF,2015,35.2652857021,4662479.0,,,,Africa,Southern Africa,,
South Africa,ZAF,2016,39.632563945,4354666.0,51.8892209261501,3.775321,91109021408.9525,Africa,Southern Africa,0.7637918480488646,1153455.8253457122
South Africa,ZAF,2017,39.9638535497,4563618.0,49.9471993832485,,104288394992.827,Africa,Southern Africa,0.8001220097057782,
South Africa,ZAF,2018,38.4084460113,4892423.0,51.3104250524781,3.38,111434691806.498,Africa,Southern Africa,0.7485505328014237,1447462.426035503
South Africa,ZAF,2019,39.8671202607,4529034.0,50.7422966759987,,105906059178.622,Africa,Southern Africa,0.7856782777346635,
South Africa,ZAF,2020,41.2569498275,4075618.0,50.2688581174453,,93199600859.2205,Africa,Southern Africa,0.8207258205688622,
South Africa,ZAF,2021,39.0636958837,4415223.0,56.5639900248925,,131000485997.462,Africa,Southern Africa,0.6906106847573691,
South Africa,ZAF,2022,,4053350.0,63.5698026040075,3.7,136705431596.872,Africa,Southern Africa,,1095500.0
South Africa,ZAF,2023,,4123821.0,63.3388058714097,,126843584296.229,Africa,Southern Africa,,
South Africa,ZAF,2024,,4303682.0,58.2198459277558,,127531645077.343,Africa,Southern Africa,,
South Africa,ZAF,2025,,,57.2303301225385,,134179428667.706,Africa,Southern Africa,,
