iso3,country_name,year,oil_rents_pct_gdp,natural_resources_rents_pct_gdp,gdp_per_capita_usd,energy_use_kg_oil_eq,electricity_from_oil_pct,merchandise_exports_usd,fdi_inflows_usd,oil_dependency_ratio,is_african
AGO,Angola,2012,34.3328389540912,34.7310076331615,,,,,,0.9885356427525552,1
AGO,Angola,2013,29.0014846107501,29.4000452272015,,,,,,0.9864435373016828,1
AGO,Angola,2014,21.736607448329,22.124247625088,,,,,,0.9824789442186757,1
AGO,Angola,2015,12.7187303090272,13.3056748880613,,543.360923983701,45.6669411280362,,,0.9558876506474132,1
AGO,Angola,2016,19.7483988340046,20.8851202682195,2082.37343594705,487.948973476526,41.6758342500917,27589000000.0,-179517618.92,0.9455726651502876,1
AGO,Angola,2017,24.7110060055382,25.9503299089307,2832.14997950512,481.000357792661,28.3545953999441,34613000000.0,-7397295409.18991,0.9522424605875244,1
AGO,Angola,2018,30.7304027285905,32.045405604301,2891.83032378747,428.639910135522,20.0214132762313,40758000000.0,-6456076413.12033,0.9589643865973096,1
AGO,Angola,2019,27.504828641196,28.8978590593907,2507.86807213642,444.183463637853,17.407530823059,35432000000.0,-4098478747.63754,0.9517946843282835,1
AGO,Angola,2020,18.5719595053837,20.2476653863539,1749.1794838482,423.490503820708,15.1443759816359,22135000000.0,-1866468113.07453,0.9172395508817742,1
AGO,Angola,2021,28.2744398825844,29.9674348417559,2266.96834861584,430.74656947008,16.6655816678602,34472000000.0,-4355116552.71588,0.9435055096269861,1
AGO,,2022,,,3598.53669077341,437.568543756493,17.8104138851802,51275000000.0,-6598652652.09389,,1
AGO,,2023,,,2885.51349130806,448.870903352713,17.1645118145341,39506000000.0,-2119632185.51477,,1
AGO,,2024,,,2720.81900669715,,,39250000000.0,-1109663097.06424,,1
AGO,,2025,,,3129.47662331063,,,32492000000.0,1148730635.02496,,1
CMR,Cameroon,2012,5.26170344833076,8.40581417479506,,,,,,0.6259600008893896,1
CMR,Cameroon,2013,4.19597685270569,7.33302882488587,,,,,,0.5722024217968344,1
CMR,Cameroon,2014,3.67835628658685,7.03590731300358,,,,,,0.5227977178989565,1
CMR,Cameroon,2015,1.89664344480798,5.63563339959601,,402.819924200123,26.269592476489,,,0.3365448584615069,1
CMR,Cameroon,2016,1.55546940126434,5.36737216526029,1441.7201725688,399.88337314644,15.2066994550047,3305000000.0,663893595.165465,0.2898009218238936,1
CMR,Cameroon,2017,2.19707562839754,6.08352640758934,1496.08951771242,392.866372374935,14.5524233432245,3233000000.0,814458940.927624,0.3611516546811792,1
CMR,Cameroon,2018,2.78430133697793,6.10463986256462,1610.69641591017,392.351717702361,14.0927090612625,3803000000.0,765092012.778526,0.4560959204247337,1
CMR,Cameroon,2019,2.42269397588966,5.55584424286198,1555.22660476477,387.38570034475,12.0844140532893,4084000000.0,1024779237.90888,0.4360622562452648,1
CMR,Cameroon,2020,1.28058779283346,4.34202268521826,1555.60370660749,386.861060816622,9.69717984281091,3132000000.0,675186993.652869,0.2949288582008154,1
CMR,Cameroon,2021,2.36159953238547,5.52598268395679,1672.32657340872,378.003030105632,5.4633555420957,4317000000.0,963531503.483344,0.42736281806342635,1
CMR,,2022,,,1604.87726954895,374.114620505852,5.76652601969058,5584000000.0,925681548.563251,,1
CMR,,2023,,,1720.47510154506,370.718209068186,4.19734904270987,4927000000.0,821546383.239812,,1
CMR,,2024,,,1830.00833684727,,,5364000000.0,888218144.392838,,1
CMR,,2025,,,1972.3815800786,,,5100000000.0,,,1
COG,"Congo, Rep.",2012,38.0875246076633,41.3573491386651,,,,,,0.9209372796104857,1
COG,"Congo, Rep.",2013,29.6858074019147,33.1448495573332,,,,,,0.8956386225426931,1
COG,"Congo, Rep.",2014,24.8226399767107,27.6582312920434,,,,,,0.8974774892366877,1
COG,"Congo, Rep.",2015,12.2746700668843,15.885704604199,,572.255835438478,8.52293246659444,,,0.7726865362736122,1
COG,"Congo, Rep.",2016,12.8004971968497,17.0000392659621,2093.10728558843,583.845565741622,6.13143631436314,7901000000.0,50608700.3526123,0.7529686841652873,1
COG,"Congo, Rep.",2017,25.0227768251894,29.8063807729514,2211.63309874797,552.518028240617,3.81370232872089,8252000000.0,4416953730.0,0.8395107415354832,1
COG,"Congo, Rep.",2018,38.248715891351,42.6682046537325,2694.43413191427,486.781245674934,4.04580152671756,11155000000.0,4315250920.0,0.8964219657647372,1
COG,"Congo, Rep.",2019,35.8517991110343,39.2430391553175,2488.42466724916,553.078353158029,1.10183639398998,5576000000.0,-1427679257.05894,0.913583654138987,1
COG,"Congo, Rep.",2020,22.4084125429251,26.2181324216101,1993.586671931,565.387418227773,1.13357843137255,4893000000.0,-1983178866.50125,0.8546914090820265,1
COG,"Congo, Rep.",2021,34.3828809069635,37.7125480946685,2516.16255145432,581.818154474185,1.08823529411765,7512000000.0,-320209517.696022,0.9117093021838076,1
COG,,2022,,,2620.83804267402,592.046625837502,1.09182530795073,8870000000.0,532256250.0,,1
COG,,2023,,,2477.97845544866,576.049227168162,1.32107983917289,9465000000.0,626473710.0,,1
COG,,2024,,,2482.2489948456,,,7859000000.0,603616460.0,,1
COG,,2025,,,2514.73393584747,,,7500000000.0,,,1
DZA,Algeria,2012,22.6025382987382,26.2525144621236,,,,,,0.8609666068882094,1
DZA,Algeria,2013,20.8724313901278,24.2231338959379,,,,,,0.8616734514945651,1
DZA,Algeria,2014,19.3167294732848,22.6123097835033,,,,,,0.854257245643133,1
DZA,Algeria,2015,11.7459031918092,14.9252527493911,,1414.49702064392,1.31980580830838,,,0.7869818614822716,1
DZA,Algeria,2016,10.0262189142963,12.8191814025545,4424.98529027556,1371.20207705232,1.36625491217939,30026000000.0,1638263953.77736,0.7821262996011865,1
DZA,Algeria,2017,12.1565741270026,15.372392970843,4554.66753957828,1380.3468180174,0.422268410113394,35191000000.0,1230243450.87888,0.7908055792003312,1
DZA,Algeria,2018,15.9428081774505,20.7172028374976,4577.21029180491,1442.30211193457,0.49176264951802,41797000000.0,1466116068.03411,0.7695444362109749,1
DZA,Algeria,2019,14.1421031504305,18.5236789388593,4468.45341883656,1463.50985736009,0.40355224100287,35312000000.0,1381200049.59264,0.7634608220704444,1
DZA,Algeria,2020,9.03841379679424,14.0343770936226,3743.5419522929,1373.67832094406,0.252668814351589,21932000000.0,1143918159.62918,0.6440195910726533,1
DZA,Algeria,2021,14.4615654623053,22.5902703479201,4160.55926736925,1451.44517709293,0.241246047546551,38637000000.0,869194073.014935,0.6401678793382296,1
DZA,,2022,,,4960.30334332888,1499.50999958517,0.237857745722397,65715000000.0,241796029.580125,,1
DZA,,2023,,,5370.477235078,1503.41406578063,0.279209846591444,55555000000.0,1214378660.66465,,1
DZA,,2024,,,5752.99076651465,,,49067000000.0,1226414841.37248,,1
DZA,,2025,,,6051.00322704182,,,45400000000.0,,,1
EGY,"Egypt, Arab Rep.",2012,8.38345897037217,10.7454978351353,,,,,,0.7801833939196555,1
EGY,"Egypt, Arab Rep.",2013,7.82863019779494,9.78188256424924,,,,,,0.8003193808937111,1
EGY,"Egypt, Arab Rep.",2014,6.82340013626772,8.43222797439408,,,,,,0.8092048930588874,1
EGY,"Egypt, Arab Rep.",2015,3.05526433674059,4.12906894708286,,810.817127279737,20.5388652246078,,,0.7399402567252114,1
EGY,"Egypt, Arab Rep.",2016,2.35006516963224,3.20908060820144,3270.6287768197,872.581407763809,15.5331605314976,25468000000.0,8106800000.0,0.7323172760528931,1
EGY,"Egypt, Arab Rep.",2017,4.12683269397819,5.69886428656261,2395.10333299491,897.218073562482,11.2109561732727,25604000000.0,7408700000.0,0.7241500212084145,1
EGY,"Egypt, Arab Rep.",2018,5.47658822874947,7.59656355901849,2484.70315630508,870.813573488394,4.61057723605735,27624000000.0,8141300000.0,0.7209296922485131,1
EGY,"Egypt, Arab Rep.",2019,3.8819618632175,5.72496131230483,2962.98892023003,844.783013447093,3.56121600519175,29000000000.0,9010100000.0,0.678076523394819,1
EGY,"Egypt, Arab Rep.",2020,1.85770095140202,3.25774327235436,3511.11381026379,805.259456646637,1.08749382105783,27078000000.0,5851800000.0,0.5702416661149194,1
EGY,"Egypt, Arab Rep.",2021,2.98581458250197,5.1391200748227,3827.35415374308,857.821938469275,6.22959358376457,41310000000.0,5122300000.0,0.5809972405840276,1
EGY,,2022,,,4233.30783744856,902.48842991302,8.57792338035702,51280000000.0,11399900000.0,,1
EGY,,2023,,,3456.78965212363,928.39494742708,11.4210012550551,42081000000.0,9840600000.0,,1
EGY,,2024,,,3338.47371043679,,,42247000000.0,46578000000.0,,1
EGY,,2025,,,3085.80712036204,,,51403000000.0,15452700000.0,,1
GAB,Gabon,2012,38.2761163072887,40.6293332424739,,,,,,0.942080837971391,1
GAB,Gabon,2013,30.2411289292074,32.806984483505,,,,,,0.921789350813767,1
GAB,Gabon,2014,22.1627532667092,24.7540184011901,,,,,,0.8953194147114184,1
GAB,Gabon,2015,9.98640233955356,12.5534347249347,,2550.96047927478,9.02691511387163,,,0.7955115518876853,1
GAB,Gabon,2016,9.0185416132992,11.6621945364629,6677.07003901644,2489.24179859903,11.1984282907662,9503000000.0,1243660160.0,0.773314283611195,1
GAB,Gabon,2017,14.3932577694784,17.699784026005,6921.73373135624,2263.59335681829,13.072625698324,5771000000.0,1314029330.0,0.8131883275146995,1
GAB,Gabon,2018,18.3274076798358,21.16026297404,7624.2775233771,2294.91220106774,13.9459459459459,8584000000.0,1379070820.0,0.8661238143552552,1
GAB,Gabon,2019,16.6842425426461,19.1754988018892,7441.1786472281,2211.81226516481,14.0046682227409,7714000000.0,1553136880.0,0.8700812800239826,1
GAB,Gabon,2020,9.97982419987045,13.4988249621846,6605.80346077904,2143.31412266993,13.2426153335546,7345000000.0,1716511510.0,0.7393105865012529,1
GAB,Gabon,2021,15.5565091491463,18.4933440925176,8181.40914134398,2106.98378794876,15.211810012837,8031000000.0,1529221080.0,0.8411950305645618,1
GAB,,2022,,,8409.20741452279,2092.38401880367,17.1483010479517,10470000000.0,1104592040.0,,1
GAB,,2023,,,7802.82433276138,2041.86846663466,16.8686224489796,12695000000.0,1150733280.0,,1
GAB,,2024,,,8230.04311451151,,,13000000000.0,1144562350.0,,1
GAB,,2025,,,8263.03321595,,,11600000000.0,,,1
GHA,Ghana,2012,4.78155703124787,15.8226771827735,,,,,,0.3021964599299073,1
GHA,Ghana,2013,3.51474407100181,10.8892140729202,,,,,,0.3227729795249813,1
GHA,Ghana,2014,3.42103394358244,12.249534681472,,,,,,0.2792786854799404,1
GHA,Ghana,2015,1.29146546233544,10.5635168212992,,325.604049227551,10.8217993079585,,,0.12225715016910473,1
GHA,Ghana,2016,1.00121845985195,8.64980290681468,1912.47991339951,327.930479432879,35.8492164337145,11138000000.0,3485333369.27963,0.1157504362397839,1
GHA,Ghana,2017,2.60564944915053,10.3700404312643,2012.28662641265,351.113971311685,30.1563610518834,13835000000.0,3254990000.0,0.2512670482262385,1
GHA,Ghana,2018,4.1465494257117,9.7904078745383,2195.32166016377,378.657496575592,22.9997538158543,14943000000.0,2989035000.0,0.4235318363492844,1
GHA,Ghana,2019,4.069102005933,9.76736656039863,2186.65822682613,380.421155062376,13.4681985597273,15668000000.0,3879831469.7,0.41660175040742303,1
GHA,Ghana,2020,2.25284947216201,8.48657958474163,2195.45481659987,392.373098140481,3.85664006345115,14472000000.0,1875782953.46905,0.2654602422173122,1
GHA,Ghana,2021,4.05501917796431,13.3474845007777,2445.18662529344,382.191892428598,2.73873220277501,14727000000.0,2533586462.03873,0.3038039997520163,1
GHA,,2022,,,2229.89122654479,361.562855486466,1.32516078905339,17276000000.0,1428411737.133,,1
GHA,,2023,,,2383.90410476221,369.331287865765,2.25399703313005,16703000000.0,1319315614.67989,,1
GHA,,2024,,,2419.2518672482,,,19165000000.0,1765552579.5641,,1
GHA,,2025,,,3257.1588903576,,,31107000000.0,1908244010.61846,,1
GNQ,Equatorial Guinea,2012,34.9943032804264,39.0027634245776,,,,,,0.8972262529063448,1
GNQ,Equatorial Guinea,2013,29.0020263766332,33.3474569225038,,,,,,0.869692295998194,1
GNQ,Equatorial Guinea,2014,22.8648774988219,27.1072398964958,,,,,,0.8434970725949006,1
GNQ,Equatorial Guinea,2015,12.576041460388,17.5005073478909,,1370.90677563127,0.69284064665127,,,0.7186101071466149,1
GNQ,Equatorial Guinea,2016,11.7086428410267,16.4599653575836,7453.19797948517,1554.8565612454,0.643776824034335,4137000000.0,1755302290.0,0.7113406733649156,1
GNQ,Equatorial Guinea,2017,16.1366726241749,21.9589067386853,7809.10465655488,1338.09995530593,0.675168792198049,4970000000.0,384833210.0,0.7348577420635749,1
GNQ,Equatorial Guinea,2018,20.3264698484548,27.8023533090755,8102.47084834031,1413.00455925482,0.664697193500739,6052000000.0,-144465770.0,0.7311060910020033,1
GNQ,Equatorial Guinea,2019,18.813552099543,25.4372801609757,6804.14923073888,1275.65943710534,0.642398286937901,5268000000.0,821413130.0,0.7396054916439371,1
GNQ,Equatorial Guinea,2020,10.7521167179464,16.6815988795919,5764.05502912947,1116.56450555349,0.639204545454546,2859000000.0,-9072490.0,0.6445495300273903,1
GNQ,Equatorial Guinea,2021,14.9400221325798,23.500064053404,6945.63069794539,1295.32967648807,0.624133148404993,3845000000.0,561595620.0,0.6357438898306206,1
GNQ,,2022,,,7589.29964909381,1278.54521201331,0.598404255319149,6661000000.0,1388191640.0,,1
GNQ,,2023,,,6788.35271638376,1271.35042221008,0.549450549450549,3157000000.0,141780890.0,,1
GNQ,,2024,,,7003.58055684906,,,2979000000.0,188011680.0,,1
GNQ,,2025,,,6615.25245207167,,,2600000000.0,,,1
LBY,Libya,2012,57.6300935046394,59.1030408512754,,,,,,0.9750783153384194,1
LBY,Libya,2013,45.8016137051651,47.7413993201726,,,,,,0.9593688990555445,1
LBY,Libya,2014,28.6305298163822,31.016947831293,,,,,,0.9230608366789996,1
LBY,Libya,2015,14.4264442000075,16.3921988648858,,2942.78950702997,45.962517661486,,,0.8800798671928513,1
LBY,Libya,2016,10.7931417666286,12.2468654255016,7525.80299308216,3350.14260585583,27.4029280712922,20880000000.0,,0.8812983070879575,1
LBY,Libya,2017,20.9466167504799,22.1587604827104,9965.83236729757,3698.16883501654,31.3662450046573,20881000000.0,,0.9452973133052146,1
LBY,Libya,2018,30.0345298438813,31.6168598912657,11196.5854810844,3345.56282924367,34.4034415147347,30994000000.0,,0.9499529664607356,1
LBY,Libya,2019,32.7515623093831,34.4990280272661,9963.19489084483,3691.94352087401,32.8433637518771,29250000000.0,,0.9493473927293864,1
LBY,Libya,2020,9.24399152945122,11.4789831280341,6650.33810585348,1411.0433394018,26.6483609613885,8443000000.0,,0.8052970743441065,1
LBY,Libya,2021,56.3779371892049,61.0347089411103,4935.82787349801,2102.63589527131,23.4785108523789,30972000000.0,603000000.0,0.9237028924574947,1
LBY,,2022,,,5986.63694851258,1543.81471951705,23.9104426593745,39196000000.0,702000000.0,,1
LBY,,2023,,,6026.51518708812,2662.16736616396,26.1956972678243,33079000000.0,794700000.0,,1
LBY,,2024,,,6569.16408678648,,,30191000000.0,,,1
LBY,,2025,,,6448.82415074121,,,30085000000.0,,,1
NGA,Nigeria,2012,13.0904727134596,15.1485150031193,,,,,,0.8641423077287828,1
NGA,Nigeria,2013,9.88011499667836,11.6227181116144,,,,,,0.8500692266471915,1
NGA,Nigeria,2014,7.0738580847829,8.78193552361452,,,,,,0.8055010271666628,1
NGA,Nigeria,2015,2.78345150643408,4.55410681800406,,320.318542380023,0.0,,,0.6111959200056687,1
NGA,Nigeria,2016,2.68429043488445,4.65772615666869,2070.4127339595,331.486140542982,0.0,33302000000.0,3453258407.9848,0.5763091999389494,1
NGA,Nigeria,2017,5.47262882301734,7.80498492445019,1876.34027111773,316.730326522651,0.0,44468000000.0,2412974916.23263,0.7011709665029046,1
NGA,Nigeria,2018,7.69068153465603,9.79850822600435,2057.87944554011,300.45746967174,0.0,60547000000.0,775247400.003029,0.7848828982197169,1
NGA,Nigeria,2019,6.51475056054778,8.35322267194456,3189.81286496183,331.04474710561,0.0476779334982138,62531000000.0,2305099811.70357,0.779908643214847,1
NGA,Nigeria,2020,3.31241719212516,5.07484002483035,2797.184580679,324.45517224141,0.0441169034737321,35634000000.0,2385277665.91607,0.6527136177530823,1
NGA,Nigeria,2021,6.24674969005013,8.55295423830806,2787.48779220991,334.476501487262,0.0416328672997089,46871000000.0,3313210000.0,0.7303616406681324,1
NGA,,2022,,,2899.16047469267,333.698006196423,,63075000000.0,-186792428.930928,,1
NGA,,2023,,,2138.76383718757,319.900429211784,,55182000000.0,1872520530.04694,,1
NGA,,2024,,,1084.16041805058,,,53320000000.0,1614032956.92931,,1
NGA,,2025,,,1224.25410237743,,,55468000000.0,4005360386.61716,,1
TCD,Chad,2012,20.5311950776099,24.7933556227023,,,,,,0.828092630543737,1
TCD,Chad,2013,15.7791942816497,20.0436304196548,,,,,,0.7872423284245258,1
TCD,Chad,2014,11.3679339086533,15.6882203824047,,,,,,0.7246158985249298,1
TCD,Chad,2015,6.2969962979888,11.9712071081449,,217.045899551856,100.0,,,0.5260118082582069,1
TCD,Chad,2016,6.59687876223435,13.110061160108,861.831767630746,212.850289286376,100.0,2090000000.0,244682120.0,0.5031920661291565,1
TCD,Chad,2017,10.2750096848343,16.8846139020106,854.46120040098,203.874468350738,100.0,2621000000.0,363381640.0,0.6085427682542841,1
TCD,Chad,2018,16.6121673665612,20.9399413766231,948.656629871231,199.975861950781,99.6884735202492,2670000000.0,460890510.0,0.7933244447907893,1
TCD,Chad,2019,15.5707595430138,19.6499588651766,893.336441643325,190.100756053018,97.6261127596439,2588000000.0,566638950.0,0.7924067246068436,1
TCD,Chad,2020,9.22817147863275,13.9330901678111,866.947814890409,198.303334598004,97.3451327433628,1808000000.0,557692500.0,0.6623205166612729,1
TCD,Chad,2021,16.7515661611417,21.3429312625159,946.358500208374,203.211499981214,97.3684210526316,2711000000.0,705100760.0,0.7848765455456481,1
TCD,,2022,,,966.036468278568,198.929147409955,97.6,4422000000.0,614018510.0,,1
TCD,,2023,,,949.991054236266,187.874009544708,97.4063400576369,4604000000.0,913332720.0,,1
TCD,,2024,,,980.668312111718,,,4500000000.0,1019486410.0,,1
TCD,,2025,,,1022.33559390754,,,4000000000.0,,,1
USA,United States,2012,0.205925846170308,0.776694501385092,,,,,,0.2651310725170284,0
USA,United States,2013,0.305650080049118,0.750833995599957,,,,,,0.40708076863899456,0
USA,United States,2014,0.292226566231044,0.703153661885122,,,,,,0.415594175315248,0
USA,United States,2015,0.00752518064782254,0.234371770177788,,6789.64733291075,0.89959623910076,,,0.03210787989574915,0
USA,United States,2016,0.0922955001311894,0.303325431060077,57976.628204291,6663.4963294418,0.804227079909987,1451011000000.0,474388000000.0,0.3042788064575741,0
USA,United States,2017,0.162525850896316,0.427546323641111,60047.7190728307,6590.83509745633,0.756130745693151,1546273000000.0,380823000000.0,0.3801362376647231,0
USA,United States,2018,0.319247607054063,0.595678810382377,62875.6661382728,6738.27272433986,0.963474298149812,1663982000000.0,214715000000.0,0.5359391697165327,0
USA,United States,2019,0.368544560120872,0.557098125905551,65227.9565911038,6700.93033990565,0.814935242362971,1643161000000.0,315984000000.0,0.6615433493369068,0
USA,United States,2020,0.187625106322478,0.329505971924439,64465.2971415748,6141.5241450627,0.878160150026655,1424935000000.0,137066000000.0,0.5694133712559949,0
USA,United States,2021,0.61148265568772,1.27994423022721,71441.2319805947,6445.82621225492,0.825775440284035,1754300000000.0,477956000000.0,0.4777416400237785,0
USA,,2022,,,78008.6895811877,6512.09816744798,0.945684535726552,2065157000000.0,416890000000.0,,0
USA,,2023,,,82586.7847707894,6364.46726343838,0.743553284990878,2018059000000.0,361944000000.0,,0
USA,,2024,,,86169.6641581917,6361.4447017904,0.667316546699973,2061691000000.0,297058000000.0,,0
USA,,2025,,,90026.5163005744,,,2185220000000.0,400519000000.0,,0
