country,iso3,year,net_migration
Angola,AGO,2025,-3524
Angola,AGO,2024,-2629
Angola,AGO,2023,-995
Angola,AGO,2022,-995
Angola,AGO,2021,29094
Angola,AGO,2020,7556
Angola,AGO,2019,58984
Angola,AGO,2018,61632
Angola,AGO,2017,77731
Angola,AGO,2016,91614
Burundi,BDI,2025,-34727
Burundi,BDI,2024,-27074
Burundi,BDI,2023,1995
Burundi,BDI,2022,1995
Burundi,BDI,2021,-14415
Burundi,BDI,2020,-10189
Burundi,BDI,2019,14253
Burundi,BDI,2018,68141
Burundi,BDI,2017,-68349
Burundi,BDI,2016,-109296
Central African Republic,CAF,2025,-14693
Central African Republic,CAF,2024,-15357
Central African Republic,CAF,2023,-14682
Central African Republic,CAF,2022,-17430
Central African Republic,CAF,2021,-85646
Central African Republic,CAF,2020,-24745
Central African Republic,CAF,2019,-36849
Central African Republic,CAF,2018,-52954
Central African Republic,CAF,2017,-58584
Central African Republic,CAF,2016,-52607
Cote d'Ivoire,CIV,2025,11305
Cote d'Ivoire,CIV,2024,7838
Cote d'Ivoire,CIV,2023,6002
Cote d'Ivoire,CIV,2022,26777
Cote d'Ivoire,CIV,2021,1322
Cote d'Ivoire,CIV,2020,-12390
Cote d'Ivoire,CIV,2019,2043
Cote d'Ivoire,CIV,2018,5395
Cote d'Ivoire,CIV,2017,-796
Cote d'Ivoire,CIV,2016,18568
Cameroon,CMR,2025,-15379
Cameroon,CMR,2024,-13892
Cameroon,CMR,2023,-4798
Cameroon,CMR,2022,-4798
Cameroon,CMR,2021,-9888
Cameroon,CMR,2020,-9888
Cameroon,CMR,2019,-12255
Cameroon,CMR,2018,-9184
Cameroon,CMR,2017,-37912
Cameroon,CMR,2016,13255
"Congo, Dem. Rep.",COD,2025,-27309
"Congo, Dem. Rep.",COD,2024,-26968
"Congo, Dem. Rep.",COD,2023,-14992
"Congo, Dem. Rep.",COD,2022,-14991
"Congo, Dem. Rep.",COD,2021,-64639
"Congo, Dem. Rep.",COD,2020,-1633
"Congo, Dem. Rep.",COD,2019,-144920
"Congo, Dem. Rep.",COD,2018,-124246
"Congo, Dem. Rep.",COD,2017,176290
"Congo, Dem. Rep.",COD,2016,440748
Algeria,DZA,2025,-27531
Algeria,DZA,2024,-31240
Algeria,DZA,2023,-25963
Algeria,DZA,2022,-14684
Algeria,DZA,2021,-10803
Algeria,DZA,2020,-10798
Algeria,DZA,2019,-27786
Algeria,DZA,2018,-27146
Algeria,DZA,2017,-14403
Algeria,DZA,2016,-6438
"Egypt, Arab Rep.",EGY,2025,-57305
"Egypt, Arab Rep.",EGY,2024,123884
"Egypt, Arab Rep.",EGY,2023,305006
"Egypt, Arab Rep.",EGY,2022,13707
"Egypt, Arab Rep.",EGY,2021,6161
"Egypt, Arab Rep.",EGY,2020,6016
"Egypt, Arab Rep.",EGY,2019,7050
"Egypt, Arab Rep.",EGY,2018,20788
"Egypt, Arab Rep.",EGY,2017,-80000
"Egypt, Arab Rep.",EGY,2016,-71604
Eritrea,ERI,2025,-6698
Eritrea,ERI,2024,-12696
Eritrea,ERI,2023,-15284
Eritrea,ERI,2022,-17134
Eritrea,ERI,2021,-14966
Eritrea,ERI,2020,-14967
Eritrea,ERI,2019,-29818
Eritrea,ERI,2018,-21403
Eritrea,ERI,2017,-38579
Eritrea,ERI,2016,-55431
Ethiopia,ETH,2025,24054
Ethiopia,ETH,2024,30069
Ethiopia,ETH,2023,-11996
Ethiopia,ETH,2022,-11996
Ethiopia,ETH,2021,-1377
Ethiopia,ETH,2020,38866
Ethiopia,ETH,2019,-10807
Ethiopia,ETH,2018,9302
Ethiopia,ETH,2017,71766
Ethiopia,ETH,2016,115823
Ghana,GHA,2025,-17079
Ghana,GHA,2024,-13114
Ghana,GHA,2023,-10003
Ghana,GHA,2022,-10003
Ghana,GHA,2021,-11259
Ghana,GHA,2020,-291
Ghana,GHA,2019,-21857
Ghana,GHA,2018,-19375
Ghana,GHA,2017,-4913
Ghana,GHA,2016,7009
Guinea,GIN,2025,-16282
Guinea,GIN,2024,-12024
Guinea,GIN,2023,-3997
Guinea,GIN,2022,-3997
Guinea,GIN,2021,-4373
Guinea,GIN,2020,-4365
Guinea,GIN,2019,-3240
Guinea,GIN,2018,-9187
Guinea,GIN,2017,-13718
Guinea,GIN,2016,-14189
"Gambia, The",GMB,2025,-2984
"Gambia, The",GMB,2024,-2989
"Gambia, The",GMB,2023,-3000
"Gambia, The",GMB,2022,-3000
"Gambia, The",GMB,2021,-1949
"Gambia, The",GMB,2020,-1949
"Gambia, The",GMB,2019,-4186
"Gambia, The",GMB,2018,-3944
"Gambia, The",GMB,2017,-3696
"Gambia, The",GMB,2016,-3486
Guinea-Bissau,GNB,2025,-1373
Guinea-Bissau,GNB,2024,-1712
Guinea-Bissau,GNB,2023,-1400
Guinea-Bissau,GNB,2022,-1400
Guinea-Bissau,GNB,2021,-1395
Guinea-Bissau,GNB,2020,-1394
Guinea-Bissau,GNB,2019,-1395
Guinea-Bissau,GNB,2018,-1396
Guinea-Bissau,GNB,2017,-1398
Guinea-Bissau,GNB,2016,-1392
Kenya,KEN,2025,-27330
Kenya,KEN,2024,-19781
Kenya,KEN,2023,-10003
Kenya,KEN,2022,-10003
Kenya,KEN,2021,-52552
Kenya,KEN,2020,-17111
Kenya,KEN,2019,-61949
Kenya,KEN,2018,-115436
Kenya,KEN,2017,-68702
Kenya,KEN,2016,-29728
Liberia,LBR,2025,-9870
Liberia,LBR,2024,-7779
Liberia,LBR,2023,-5002
Liberia,LBR,2022,-5003
Liberia,LBR,2021,-11852
Liberia,LBR,2020,-10107
Liberia,LBR,2019,-19678
Liberia,LBR,2018,-23199
Liberia,LBR,2017,-24807
Liberia,LBR,2016,-26796
Lesotho,LSO,2025,-5192
Lesotho,LSO,2024,-5107
Lesotho,LSO,2023,-5168
Lesotho,LSO,2022,-6023
Lesotho,LSO,2021,-3449
Lesotho,LSO,2020,-3449
Lesotho,LSO,2019,-6896
Lesotho,LSO,2018,-6892
Lesotho,LSO,2017,-6850
Lesotho,LSO,2016,-6766
Morocco,MAR,2025,-56254
Morocco,MAR,2024,-46802
Morocco,MAR,2023,-39650
Morocco,MAR,2022,-38594
Morocco,MAR,2021,-47902
Morocco,MAR,2020,-35474
Morocco,MAR,2019,-91217
Morocco,MAR,2018,-88159
Morocco,MAR,2017,-60472
Morocco,MAR,2016,-39302
Madagascar,MDG,2025,-2227
Madagascar,MDG,2024,-1795
Madagascar,MDG,2023,-1487
Madagascar,MDG,2022,-1487
Madagascar,MDG,2021,-1480
Madagascar,MDG,2020,-1480
Madagascar,MDG,2019,-2976
Madagascar,MDG,2018,-2887
Madagascar,MDG,2017,-2784
Madagascar,MDG,2016,-2687
Mali,MLI,2025,-48019
Mali,MLI,2024,-46880
Mali,MLI,2023,-39953
Mali,MLI,2022,-39951
Mali,MLI,2021,-22210
Mali,MLI,2020,-14962
Mali,MLI,2019,-44373
Mali,MLI,2018,-40710
Mali,MLI,2017,-33942
Mali,MLI,2016,-30251
Mauritania,MRT,2025,-5044
Mauritania,MRT,2024,-2185
Mauritania,MRT,2023,2999
Mauritania,MRT,2022,2999
Mauritania,MRT,2021,-1483
Mauritania,MRT,2020,-1483
Mauritania,MRT,2019,-3019
Mauritania,MRT,2018,-2987
Mauritania,MRT,2017,-3001
Mauritania,MRT,2016,-3008
Malawi,MWI,2025,-5628
Malawi,MWI,2024,-1507
Malawi,MWI,2023,-5811
Malawi,MWI,2022,-5231
Malawi,MWI,2021,-2666
Malawi,MWI,2020,-2655
Malawi,MWI,2019,-1837
Malawi,MWI,2018,-3267
Malawi,MWI,2017,982
Malawi,MWI,2016,3505
Namibia,NAM,2025,1866
Namibia,NAM,2024,4211
Namibia,NAM,2023,11675
Namibia,NAM,2022,22212
Namibia,NAM,2021,31327
Namibia,NAM,2020,27056
Namibia,NAM,2019,19676
Namibia,NAM,2018,17920
Namibia,NAM,2017,16080
Namibia,NAM,2016,14002
Niger,NER,2025,-7704
Niger,NER,2024,-4041
Niger,NER,2023,995
Niger,NER,2022,995
Niger,NER,2021,-4405
Niger,NER,2020,-4402
Niger,NER,2019,-15778
Niger,NER,2018,-3830
Niger,NER,2017,-6830
Niger,NER,2016,14833
Nigeria,NGA,2025,-15258
Nigeria,NGA,2024,-35202
Nigeria,NGA,2023,-57936
Nigeria,NGA,2022,-51680
Nigeria,NGA,2021,-86115
Nigeria,NGA,2020,-14497
Nigeria,NGA,2019,-99722
Nigeria,NGA,2018,-76565
Nigeria,NGA,2017,78685
Nigeria,NGA,2016,75265
Rwanda,RWA,2025,6282
Rwanda,RWA,2024,-15582
Rwanda,RWA,2023,-9001
Rwanda,RWA,2022,-9001
Rwanda,RWA,2021,-21492
Rwanda,RWA,2020,-22251
Rwanda,RWA,2019,-24492
Rwanda,RWA,2018,-25323
Rwanda,RWA,2017,-25634
Rwanda,RWA,2016,-24474
Sudan,SDN,2025,291469
Sudan,SDN,2024,-544257
Sudan,SDN,2023,-1349998
Sudan,SDN,2022,-26668
Sudan,SDN,2021,31664
Sudan,SDN,2020,-65933
Sudan,SDN,2019,-39491
Sudan,SDN,2018,125499
Sudan,SDN,2017,441623
Sudan,SDN,2016,84728
Senegal,SEN,2025,-12636
Senegal,SEN,2024,-10307
Senegal,SEN,2023,-9999
Senegal,SEN,2022,16425
Senegal,SEN,2021,25519
Senegal,SEN,2020,33848
Senegal,SEN,2019,38386
Senegal,SEN,2018,33567
Senegal,SEN,2017,29605
Senegal,SEN,2016,29498
Sierra Leone,SLE,2025,-11309
Sierra Leone,SLE,2024,-11000
Sierra Leone,SLE,2023,-4000
Sierra Leone,SLE,2022,-4000
Sierra Leone,SLE,2021,-1544
Sierra Leone,SLE,2020,1292
Sierra Leone,SLE,2019,-2238
Sierra Leone,SLE,2018,-2741
Sierra Leone,SLE,2017,1234
Sierra Leone,SLE,2016,4657
"Somalia, Fed. Rep.",SOM,2025,12077
"Somalia, Fed. Rep.",SOM,2024,26859
"Somalia, Fed. Rep.",SOM,2023,46217
"Somalia, Fed. Rep.",SOM,2022,-92434
"Somalia, Fed. Rep.",SOM,2021,35506
"Somalia, Fed. Rep.",SOM,2020,77259
"Somalia, Fed. Rep.",SOM,2019,53124
"Somalia, Fed. Rep.",SOM,2018,40844
"Somalia, Fed. Rep.",SOM,2017,38067
"Somalia, Fed. Rep.",SOM,2016,124017
South Sudan,SSD,2025,6145
South Sudan,SSD,2024,15374
South Sudan,SSD,2023,455000
South Sudan,SSD,2022,40259
South Sudan,SSD,2021,-154359
South Sudan,SSD,2020,62935
South Sudan,SSD,2019,65198
South Sudan,SSD,2018,157408
South Sudan,SSD,2017,-670477
South Sudan,SSD,2016,-654225
Togo,TGO,2025,-15010
Togo,TGO,2024,-14014
Togo,TGO,2023,-15406
Togo,TGO,2022,-65826
Togo,TGO,2021,-56991
Togo,TGO,2020,-31892
Togo,TGO,2019,-17312
Togo,TGO,2018,-43718
Togo,TGO,2017,-69512
Togo,TGO,2016,-59885
Tunisia,TUN,2025,-14523
Tunisia,TUN,2024,-15221
Tunisia,TUN,2023,-14001
Tunisia,TUN,2022,-14001
Tunisia,TUN,2021,-9190
Tunisia,TUN,2020,-19188
Tunisia,TUN,2019,-19612
Tunisia,TUN,2018,-21012
Tunisia,TUN,2017,-22365
Tunisia,TUN,2016,-23827
Uganda,UGA,2025,-119059
Uganda,UGA,2024,-117924
Uganda,UGA,2023,-126181
Uganda,UGA,2022,-118843
Uganda,UGA,2021,43464
Uganda,UGA,2020,43464
Uganda,UGA,2019,107210
Uganda,UGA,2018,60724
Uganda,UGA,2017,92879
Uganda,UGA,2016,123379
Zambia,ZMB,2025,6562
Zambia,ZMB,2024,7381
Zambia,ZMB,2023,9521
Zambia,ZMB,2022,-8566
Zambia,ZMB,2021,8143
Zambia,ZMB,2020,8156
Zambia,ZMB,2019,18385
Zambia,ZMB,2018,18431
Zambia,ZMB,2017,25789
Zambia,ZMB,2016,25860
Zimbabwe,ZWE,2025,-54555
Zimbabwe,ZWE,2024,-60528
Zimbabwe,ZWE,2023,-97380
Zimbabwe,ZWE,2022,-102828
Zimbabwe,ZWE,2021,-74623
Zimbabwe,ZWE,2020,-89440
Zimbabwe,ZWE,2019,-103107
Zimbabwe,ZWE,2018,-117758
Zimbabwe,ZWE,2017,-128241
Zimbabwe,ZWE,2016,-140181
