country_code,country_name,region,year,incidence_per_1000,low,high,deaths_count,deaths_low,deaths_high,malaria_burden_category,incidence_yoy_change
ETH,Ethiopia,Africa,2010,153.8421519,50.22238099,439.9762831,18909.0,4780.0,58100.0,medium,
ETH,Ethiopia,Africa,2011,143.6950999,57.57346562,375.2873071,16648.0,5400.0,44300.0,medium,-6.6
ETH,Ethiopia,Africa,2012,159.6738451,78.7492631,366.039927,19915.0,7200.0,44600.0,medium,11.12
ETH,Ethiopia,Africa,2013,184.0959032,100.8099893,340.344377,26097.0,9250.0,51400.0,medium,15.29
ETH,Ethiopia,Africa,2014,144.069847,54.10456645,251.5094851,22273.0,4860.0,54600.0,medium,-21.74
ETH,Ethiopia,Africa,2015,130.0601358,49.51826995,238.8060232,21051.0,4540.0,53300.0,medium,-9.72
ETH,Ethiopia,Africa,2016,92.88594821,38.87483249,171.829705,15473.0,3880.0,39100.0,low,-28.58
ETH,Ethiopia,Africa,2017,70.71058376,33.35468763,122.3471223,12046.0,3490.0,28000.0,low,-23.87
ETH,Ethiopia,Africa,2018,36.4607078,20.1053938,54.80551822,6500.0,2330.0,12800.0,low,-48.44
ETH,Ethiopia,Africa,2019,33.61048632,18.65889904,50.03388344,5708.0,2030.0,11200.0,low,-7.82
ETH,Ethiopia,Africa,2020,52.28211767,29.16769617,78.47779938,9424.0,3430.0,18600.0,low,55.55
ETH,Ethiopia,Africa,2021,45.55933568,25.25301448,67.99392993,8041.0,2890.0,15600.0,low,-12.86
ETH,Ethiopia,Africa,2022,59.88726611,33.2313284,89.39387915,10570.0,3820.0,20700.0,low,31.45
ETH,Ethiopia,Africa,2023,109.2392957,60.34529487,164.109707,18567.0,6760.0,36000.0,low,82.41
ETH,Ethiopia,Africa,2024,138.4950248,76.56462664,207.5954257,22360.0,8410.0,43400.0,medium,26.78
GHA,Ghana,Africa,2010,366.4042865,299.3956142,442.1780551,16891.0,16200.0,17600.0,very_high,
GHA,Ghana,Africa,2011,375.1405245,307.2953165,453.8617182,17163.0,16500.0,17900.0,very_high,2.38
GHA,Ghana,Africa,2012,367.317594,300.2225168,448.1028749,16573.0,15900.0,17300.0,very_high,-2.09
GHA,Ghana,Africa,2013,344.3307489,280.4884493,420.2636214,15618.0,15000.0,16300.0,very_high,-6.26
GHA,Ghana,Africa,2014,313.806791,250.8492332,387.7960094,14384.0,13800.0,15000.0,very_high,-8.86
GHA,Ghana,Africa,2015,275.9898421,216.12485,347.1758308,13260.0,12700.0,13900.0,high,-12.05
GHA,Ghana,Africa,2016,244.9214645,188.9942577,312.9126842,12293.0,11800.0,12900.0,high,-11.26
GHA,Ghana,Africa,2017,226.1852816,173.1852387,290.2046668,11522.0,11100.0,12100.0,medium,-7.65
GHA,Ghana,Africa,2018,212.7630234,162.3576299,273.6587054,11103.0,10700.0,11600.0,medium,-5.93
GHA,Ghana,Africa,2019,215.2688454,164.4414431,277.9878927,11116.0,10600.0,11700.0,medium,1.18
GHA,Ghana,Africa,2020,219.6265037,168.1247565,282.8304384,11311.0,10700.0,12200.0,medium,2.02
GHA,Ghana,Africa,2021,212.4652104,160.9065186,276.5365199,11373.0,10700.0,12300.0,medium,-3.26
GHA,Ghana,Africa,2022,210.786297,158.5126401,275.3422508,11463.0,10700.0,12500.0,medium,-0.79
GHA,Ghana,Africa,2023,194.918396,144.1574959,257.2898019,11464.0,10800.0,12400.0,medium,-7.53
GHA,Ghana,Africa,2024,195.7696618,135.6087531,274.0383601,11635.0,11000.0,12600.0,medium,0.44
KEN,Kenya,Africa,2010,80.27255074,59.38186066,106.7033206,9664.0,9440.0,9890.0,low,
KEN,Kenya,Africa,2011,82.58194793,61.28061473,109.7169587,10091.0,9850.0,10300.0,low,2.88
KEN,Kenya,Africa,2012,84.2251522,63.2646129,110.1368387,10203.0,9960.0,10500.0,low,1.99
KEN,Kenya,Africa,2013,85.4403037,63.88103041,111.5923269,10297.0,10100.0,10600.0,low,1.44
KEN,Kenya,Africa,2014,84.43082344,62.96974373,111.0858553,10393.0,10200.0,10600.0,low,-1.18
KEN,Kenya,Africa,2015,81.79663555,59.78192649,108.6892935,10423.0,10200.0,10700.0,low,-3.12
KEN,Kenya,Africa,2016,77.26122108,55.28032567,106.2556208,10483.0,10300.0,10700.0,low,-5.54
KEN,Kenya,Africa,2017,76.8492024,55.21773652,104.5301108,10664.0,10400.0,10900.0,low,-0.53
KEN,Kenya,Africa,2018,74.1496418,53.35805148,99.08937145,10789.0,10600.0,11100.0,low,-3.51
KEN,Kenya,Africa,2019,71.67133565,52.87011985,94.18054056,10883.0,10600.0,11200.0,low,-3.34
KEN,Kenya,Africa,2020,84.99876851,63.78514199,110.6056436,11384.0,10800.0,12000.0,low,18.6
KEN,Kenya,Africa,2021,88.68703596,58.33939663,129.8524883,11669.0,11100.0,12400.0,low,4.34
KEN,Kenya,Africa,2022,82.09391795,44.41943831,140.0607249,11811.0,11200.0,12600.0,low,-7.43
KEN,Kenya,Africa,2023,73.77391808,37.32295217,132.8598883,11478.0,11100.0,11900.0,low,-10.13
KEN,Kenya,Africa,2024,74.1683085,37.3067339,131.0189816,11656.0,11300.0,12100.0,low,0.53
MOZ,Mozambique,Africa,2010,377.9403967,310.9315766,455.2480713,23849.0,21900.0,26100.0,very_high,
MOZ,Mozambique,Africa,2011,375.9882167,309.2642232,453.3525897,23455.0,21200.0,26000.0,very_high,-0.52
MOZ,Mozambique,Africa,2012,375.2321795,306.8349639,454.0731717,23302.0,20800.0,26300.0,very_high,-0.2
MOZ,Mozambique,Africa,2013,372.3830775,303.1662485,453.2515114,23764.0,20700.0,27700.0,very_high,-0.76
MOZ,Mozambique,Africa,2014,361.474302,295.9905849,439.5630684,23197.0,19800.0,27800.0,very_high,-2.93
MOZ,Mozambique,Africa,2015,353.6724564,289.1440929,429.6363892,21866.0,18200.0,27000.0,very_high,-2.16
MOZ,Mozambique,Africa,2016,345.2099754,279.345388,422.4710114,20963.0,17100.0,26700.0,very_high,-2.39
MOZ,Mozambique,Africa,2017,333.7416332,266.4037467,411.458819,19817.0,15900.0,25900.0,very_high,-3.32
MOZ,Mozambique,Africa,2018,331.298561,262.7193624,409.1742218,18980.0,14900.0,25500.0,very_high,-0.73
MOZ,Mozambique,Africa,2019,323.9677718,255.761796,404.1198303,18096.0,13800.0,24900.0,very_high,-2.21
MOZ,Mozambique,Africa,2020,320.6527106,251.9078692,402.8207691,22295.0,13900.0,37400.0,very_high,-1.02
MOZ,Mozambique,Africa,2021,312.4499019,248.9057621,390.1358254,21201.0,13400.0,35300.0,very_high,-2.56
MOZ,Mozambique,Africa,2022,304.5014421,244.4148005,374.7066373,21094.0,13100.0,36000.0,very_high,-2.54
MOZ,Mozambique,Africa,2023,303.5024659,241.5333724,374.6244087,17875.0,12400.0,27300.0,very_high,-0.33
MOZ,Mozambique,Africa,2024,295.0966751,223.2721708,377.4653984,17946.0,12500.0,27400.0,very_high,-2.77
MWI,Malawi,Africa,2010,389.8138079,314.8456834,476.9122683,11179.0,10600.0,11900.0,very_high,
MWI,Malawi,Africa,2011,395.2465971,318.7805691,484.1447182,10264.0,9740.0,10800.0,very_high,1.39
MWI,Malawi,Africa,2012,354.9587618,279.9155127,443.3748471,9345.0,8870.0,9870.0,very_high,-10.19
MWI,Malawi,Africa,2013,306.1345523,234.4325792,397.3604821,8372.0,7950.0,8850.0,very_high,-13.75
MWI,Malawi,Africa,2014,275.0492764,205.0661843,359.2903752,7737.0,7300.0,8220.0,high,-10.15
MWI,Malawi,Africa,2015,260.8760238,198.3785602,335.6967425,7341.0,6850.0,7880.0,high,-5.15
MWI,Malawi,Africa,2016,260.9226051,199.7808687,337.0372148,7092.0,6530.0,7740.0,high,0.02
MWI,Malawi,Africa,2017,264.4414837,202.7276013,340.5307207,7024.0,6380.0,7840.0,high,1.35
MWI,Malawi,Africa,2018,270.9531009,195.9733768,363.1691579,6921.0,6220.0,7860.0,high,2.46
MWI,Malawi,Africa,2019,280.2880012,185.0099394,404.4764709,6892.0,6140.0,7960.0,high,3.45
MWI,Malawi,Africa,2020,283.0146401,185.2744067,409.8895115,7423.0,6280.0,9340.0,high,0.97
MWI,Malawi,Africa,2021,280.4884339,193.8231852,395.2495848,7456.0,6310.0,9400.0,high,-0.89
MWI,Malawi,Africa,2022,285.5038484,200.3636734,395.0983345,7525.0,6340.0,9680.0,high,1.79
MWI,Malawi,Africa,2023,291.0135392,198.8099578,409.2992036,7376.0,6360.0,9200.0,high,1.93
MWI,Malawi,Africa,2024,294.5279965,191.2981685,431.3356252,7501.0,6480.0,9320.0,very_high,1.21
NGA,Nigeria,Africa,2010,363.3581836,294.238556,443.4500325,199233.0,184000.0,216000.0,very_high,
NGA,Nigeria,Africa,2011,339.5066275,273.7594721,416.1799168,183768.0,168000.0,201000.0,very_high,-6.56
NGA,Nigeria,Africa,2012,316.2204182,255.2395212,389.0072903,172012.0,156000.0,190000.0,very_high,-6.86
NGA,Nigeria,Africa,2013,297.8264948,239.5965318,366.2851341,163867.0,148000.0,183000.0,very_high,-5.82
NGA,Nigeria,Africa,2014,287.7049251,230.3116421,354.644266,165886.0,148000.0,188000.0,high,-3.4
NGA,Nigeria,Africa,2015,283.812818,227.0686476,351.9548768,169052.0,148000.0,196000.0,high,-1.35
NGA,Nigeria,Africa,2016,284.8254203,225.4107528,353.7300677,171827.0,148000.0,203000.0,high,0.36
NGA,Nigeria,Africa,2017,288.9798255,229.0768718,359.8038719,177176.0,150000.0,214000.0,high,1.46
NGA,Nigeria,Africa,2018,291.073537,228.9833585,367.0693166,181095.0,149000.0,224000.0,high,0.72
NGA,Nigeria,Africa,2019,292.9999532,226.4616604,376.2231471,181560.0,146000.0,231000.0,high,0.66
NGA,Nigeria,Africa,2020,304.3687915,218.6892779,414.2790151,200257.0,154000.0,269000.0,very_high,3.88
NGA,Nigeria,Africa,2021,299.2711055,217.4433874,407.2521096,190761.0,146000.0,258000.0,very_high,-1.67
NGA,Nigeria,Africa,2022,298.9976008,215.4783976,402.8461637,187692.0,141000.0,261000.0,very_high,-0.09
NGA,Nigeria,Africa,2023,298.9976001,215.6198428,406.1951295,184689.0,135000.0,264000.0,very_high,-0.0
NGA,Nigeria,Africa,2024,294.2517937,211.0299542,397.3596962,184933.0,135000.0,264000.0,very_high,-1.59
TZA,Tanzania,Africa,2010,145.5640581,107.53831,192.9914655,21418.0,20700.0,22200.0,medium,
TZA,Tanzania,Africa,2011,132.9716744,98.86822146,175.5794779,21003.0,20300.0,21700.0,medium,-8.65
TZA,Tanzania,Africa,2012,121.4475751,89.98237387,160.2519074,20796.0,20200.0,21500.0,medium,-8.67
TZA,Tanzania,Africa,2013,131.7988925,98.46420196,174.1676789,22043.0,21300.0,22900.0,medium,8.52
TZA,Tanzania,Africa,2014,146.359004,109.1291421,192.1086122,22996.0,22200.0,23900.0,medium,11.05
TZA,Tanzania,Africa,2015,141.8033753,106.0000419,186.658681,23244.0,22400.0,24200.0,medium,-3.11
TZA,Tanzania,Africa,2016,134.0467683,99.57775306,177.3345937,23354.0,22500.0,24300.0,medium,-5.47
TZA,Tanzania,Africa,2017,123.1838275,91.09410176,162.1515073,23157.0,22300.0,24100.0,medium,-8.1
TZA,Tanzania,Africa,2018,111.4820751,82.43315684,148.037103,23280.0,22400.0,24300.0,medium,-9.5
TZA,Tanzania,Africa,2019,116.092398,84.37270759,155.8788917,23560.0,22600.0,24700.0,medium,4.14
TZA,Tanzania,Africa,2020,123.3493028,89.28394658,165.1995438,24568.0,23100.0,26300.0,medium,6.25
TZA,Tanzania,Africa,2021,133.3293979,97.29596155,178.3490318,25155.0,23600.0,27100.0,medium,8.09
TZA,Tanzania,Africa,2022,132.3930445,97.69358523,176.7966733,25499.0,23800.0,27700.0,medium,-0.7
TZA,Tanzania,Africa,2023,138.4507573,100.925264,186.2766759,25540.0,24000.0,27500.0,medium,4.58
TZA,Tanzania,Africa,2024,136.7250515,97.06692146,188.5383449,26062.0,24500.0,28000.0,medium,-1.25
UGA,Uganda,Africa,2010,405.9743691,322.4331323,503.8304448,25736.0,24300.0,27200.0,very_high,
UGA,Uganda,Africa,2011,382.8950377,302.7692832,478.1518652,23537.0,22200.0,25000.0,very_high,-5.68
UGA,Uganda,Africa,2012,349.7942202,277.8102825,434.964086,22473.0,21200.0,23900.0,very_high,-8.64
UGA,Uganda,Africa,2013,310.2735934,244.5639317,387.7544695,18788.0,17700.0,20000.0,very_high,-11.3
UGA,Uganda,Africa,2014,292.1084447,227.8836365,370.0019258,17748.0,16600.0,19100.0,high,-5.85
UGA,Uganda,Africa,2015,288.695679,219.8383888,371.3419041,15762.0,14700.0,17000.0,high,-1.17
UGA,Uganda,Africa,2016,281.0223533,211.0702329,365.8251435,15637.0,14400.0,17100.0,high,-2.66
UGA,Uganda,Africa,2017,276.5116787,209.7878924,355.5238913,15802.0,14400.0,17500.0,high,-1.61
UGA,Uganda,Africa,2018,269.2137925,208.1804277,341.1712068,15254.0,13800.0,17100.0,high,-2.64
UGA,Uganda,Africa,2019,250.8240477,197.1771378,314.094805,15947.0,14200.0,18300.0,high,-6.83
UGA,Uganda,Africa,2020,255.6631833,197.2209888,326.4055416,18514.0,14200.0,25300.0,high,1.93
UGA,Uganda,Africa,2021,268.6123762,183.045766,380.1948605,17438.0,13900.0,23100.0,high,5.06
UGA,Uganda,Africa,2022,266.5834318,160.0256619,417.7585952,17538.0,13900.0,23600.0,high,-0.76
UGA,Uganda,Africa,2023,267.5743421,155.9123155,426.1067717,15945.0,13800.0,19300.0,high,0.37
UGA,Uganda,Africa,2024,264.2318243,154.1685033,426.6393927,16204.0,14000.0,19500.0,high,-1.25
ZAF,South Africa,Africa,2010,1.53981207,1.53981207,1.53981207,83.0,,,low,
ZAF,South Africa,Africa,2011,1.861678039,1.861678039,1.861678039,54.0,,,low,20.9
ZAF,South Africa,Africa,2012,1.231068212,1.231068212,1.231068212,72.0,,,low,-33.87
ZAF,South Africa,Africa,2013,1.581051812,1.581051812,1.581051812,105.0,,,low,28.43
ZAF,South Africa,Africa,2014,2.1054116,2.1054116,2.1054116,174.0,,,low,33.17
ZAF,South Africa,Africa,2015,0.874240373,0.874240373,0.874240373,110.0,,,low,-58.48
ZAF,South Africa,Africa,2016,0.75498323,0.75498323,0.75498323,34.0,,,low,-13.64
ZAF,South Africa,Africa,2017,4.056725096,4.056725096,4.056725096,301.0,,,low,437.33
ZAF,South Africa,Africa,2018,1.631378704,1.631378704,1.631378704,69.0,,,low,-59.79
ZAF,South Africa,Africa,2019,0.809057144,0.809057144,0.809057144,79.0,,,low,-50.41
ZAF,South Africa,Africa,2020,0.736926125,0.736926125,0.736926125,38.0,,,low,-8.92
ZAF,South Africa,Africa,2021,0.483231603,0.483231603,0.483231603,56.0,,,low,-34.43
ZAF,South Africa,Africa,2022,0.327517165,0.327517165,0.327517165,29.0,,,low,-32.22
ZAF,South Africa,Africa,2023,0.837019584,0.837019584,0.837019584,64.0,,,low,155.57
ZAF,South Africa,Africa,2024,0.114830867,0.114830867,0.114830867,10.0,,,low,-86.28
ZMB,Zambia,Africa,2010,169.9224537,133.948044,212.5526508,6353.0,6150.0,6590.0,medium,
ZMB,Zambia,Africa,2011,181.1215632,141.5864975,227.5588014,6666.0,6440.0,6920.0,medium,6.59
ZMB,Zambia,Africa,2012,206.1546522,159.8948066,259.2735159,6979.0,6730.0,7270.0,medium,13.82
ZMB,Zambia,Africa,2013,228.0255656,177.3817168,287.9333781,7459.0,7160.0,7810.0,medium,10.61
ZMB,Zambia,Africa,2014,237.4727396,187.9832218,296.9260487,8037.0,7660.0,8460.0,high,4.14
ZMB,Zambia,Africa,2015,237.7809668,190.2345423,294.0828767,8015.0,7610.0,8460.0,high,0.13
ZMB,Zambia,Africa,2016,229.0813586,182.7669631,283.603647,7930.0,7490.0,8420.0,high,-3.66
ZMB,Zambia,Africa,2017,220.1043969,172.9731693,272.6179683,7892.0,7400.0,8470.0,medium,-3.92
ZMB,Zambia,Africa,2018,221.9995372,175.5618959,275.5452367,8046.0,7470.0,8770.0,medium,0.86
ZMB,Zambia,Africa,2019,223.8523842,175.5007902,279.8617051,8084.0,7430.0,8940.0,medium,0.83
ZMB,Zambia,Africa,2020,234.2474145,185.8957748,291.2029474,8556.0,7400.0,10300.0,high,4.64
ZMB,Zambia,Africa,2021,240.9800401,194.8196268,295.5630818,8734.0,7540.0,10600.0,high,2.87
ZMB,Zambia,Africa,2022,246.10104,199.2134869,300.7417355,8834.0,7570.0,10900.0,high,2.13
ZMB,Zambia,Africa,2023,252.0788372,203.3412778,308.7081924,8525.0,7570.0,10100.0,high,2.43
ZMB,Zambia,Africa,2024,252.4103382,203.3012197,312.097919,8682.0,7740.0,10200.0,high,0.13
