country_code,country_name,year,incidence_per_1000,low,high,parent_region
MYT,MYT,2024,0.0,0.0,0.0,Africa
KEN,KEN,2023,73.77391808,37.32295217,132.8598883,Africa
ZAF,ZAF,2021,0.483231603,0.483231603,0.483231603,Africa
TGO,TGO,2011,310.5693739,238.0153638,398.6288172,Africa
CPV,CPV,2014,0.195189334,0.195189334,0.195189334,Africa
ZMB,ZMB,2022,246.10104,199.2134869,300.7417355,Africa
SEN,SEN,2023,34.68756564,24.54720139,49.28468689,Africa
SEN,SEN,2011,48.30951649,34.05249182,64.26115311,Africa
MLI,MLI,2017,376.9845688,266.4253346,535.9864031,Africa
COM,COM,2010,55.7971767,55.7971767,55.7971767,Africa
LBR,LBR,2012,266.1217829,187.4743342,366.9150463,Africa
GMB,GMB,2014,140.3174272,109.5557207,174.6753334,Africa
UGA,UGA,2010,405.9743691,322.4331323,503.8304448,Africa
KEN,KEN,2020,84.99876851,63.78514199,110.6056436,Africa
ERI,ERI,2010,28.34150373,18.04026978,40.02029923,Africa
ZMB,ZMB,2015,237.7809668,190.2345423,294.0828767,Africa
GMB,GMB,2019,44.76271184,34.90532976,55.90019147,Africa
SWZ,SWZ,2010,0.861010981,0.861010981,0.861010981,Africa
NAM,NAM,2020,9.324759436,7.389780669,11.43889713,Africa
NAM,NAM,2022,7.378135206,5.842604142,9.029659467,Africa
BEN,BEN,2023,361.2623993,243.4060998,516.3945941,Africa
COM,COM,2017,5.148882801,5.148882801,5.148882801,Africa
LBR,LBR,2016,348.7015751,284.6037142,422.0558602,Africa
GAB,GAB,2012,200.1538804,103.0021566,351.553748,Africa
MOZ,MOZ,2023,303.5024659,241.5333724,374.6244087,Africa
CPV,CPV,2016,0.367691199,0.367691199,0.367691199,Africa
GNB,GNB,2019,87.10491865,30.84605041,199.0040255,Africa
BFA,BFA,2017,356.5617211,246.601565,502.8610001,Africa
MYT,MYT,2017,0.154278662,0.154278662,0.154278662,Africa
TZA,TZA,2018,111.4820751,82.43315684,148.037103,Africa
GAB,GAB,2019,190.7161646,142.1647437,251.4781685,Africa
GIN,GIN,2010,415.7379999,334.45243,513.7436411,Africa
ERI,ERI,2021,27.74117115,17.83931654,38.42317718,Africa
ERI,ERI,2022,40.89284861,26.26540316,56.84008286,Africa
GAB,GAB,2022,188.6839725,127.7761116,269.2504403,Africa
STP,STP,2019,11.46715903,11.46715903,11.46715903,Africa
BDI,BDI,2024,314.8994439,188.0255526,497.3526006,Africa
CMR,CMR,2013,271.0968165,190.2299025,371.7780073,Africa
ZMB,ZMB,2019,223.8523842,175.5007902,279.8617051,Africa
RWA,RWA,2016,410.0814628,301.6446975,523.2871498,Africa
COD,COD,2012,335.7967412,264.6808564,419.6588975,Africa
KEN,KEN,2024,74.1683085,37.3067339,131.0189816,Africa
BFA,BFA,2020,378.1741521,250.2334209,545.5951571,Africa
MRT,MRT,2020,64.10621784,21.39959166,131.7292323,Africa
STP,STP,2021,12.24989976,12.24989976,12.24989976,Africa
ZWE,ZWE,2019,65.09225256,39.08498957,93.49224667,Africa
TCD,TCD,2020,208.7426512,126.7810727,324.1776697,Africa
AGO,AGO,2018,232.4429808,170.3561458,312.9221059,Africa
MRT,MRT,2023,42.86421682,18.46426369,80.65564135,Africa
CMR,CMR,2015,271.055607,195.674334,364.9242168,Africa
SSD,SSD,2015,269.3070963,194.4151578,363.2468055,Africa
COD,COD,2017,324.0694053,248.6514826,412.3534701,Africa
CMR,CMR,2016,268.5342273,197.4590394,356.0771157,Africa
TZA,TZA,2011,132.9716744,98.86822146,175.5794779,Africa
LBR,LBR,2018,331.5848037,243.1743033,446.1716281,Africa
TCD,TCD,2023,205.1214391,122.0422771,323.2553283,Africa
SLE,SLE,2012,413.4357999,327.2234311,513.7724085,Africa
COM,COM,2011,37.20646173,37.20646173,37.20646173,Africa
ZWE,ZWE,2013,78.2694755,55.66515126,102.4878134,Africa
GMB,GMB,2015,202.5053393,155.4847903,254.4860732,Africa
ZAF,ZAF,2012,1.231068212,1.231068212,1.231068212,Africa
DZA,DZA,2014,0.0,0.0,0.0,Africa
MOZ,MOZ,2012,375.2321795,306.8349639,454.0731717,Africa
BWA,BWA,2018,0.530740991,0.409372532,0.735427256,Africa
SEN,SEN,2018,65.83047734,45.83155089,88.09923662,Africa
NGA,NGA,2015,283.812818,227.0686476,351.9548768,Africa
SWZ,SWZ,2020,0.697679989,0.697679989,0.697679989,Africa
COD,COD,2010,381.318348,307.0639385,467.4500777,Africa
NGA,NGA,2011,339.5066275,273.7594721,416.1799168,Africa
SSD,SSD,2020,281.6038036,183.4669117,420.8643584,Africa
UGA,UGA,2014,292.1084447,227.8836365,370.0019258,Africa
GNB,GNB,2014,105.7272265,45.3372739,208.392749,Africa
TCD,TCD,2011,228.3630494,180.7821778,285.1462732,Africa
RWA,RWA,2023,53.64373899,41.74752486,66.02376937,Africa
COM,COM,2013,76.35250046,76.35250046,76.35250046,Africa
BFA,BFA,2013,487.1444339,392.2744524,598.6742423,Africa
GNB,GNB,2011,129.3060776,67.91398541,226.9106373,Africa
SSD,SSD,2016,265.7058078,187.7183613,367.6104228,Africa
SSD,SSD,2011,281.3275987,213.686242,363.0265946,Africa
SEN,SEN,2014,37.64684834,27.60235918,48.8834626,Africa
DZA,DZA,2020,0.0,0.0,0.0,Africa
GIN,GIN,2016,366.519838,270.165762,488.5022091,Africa
COG,COG,2019,245.939714,149.2441684,383.2523229,Africa
MLI,MLI,2016,374.3880168,263.8235489,531.463067,Africa
COG,COG,2013,218.1901172,138.1235795,325.4109243,Africa
MWI,MWI,2012,354.9587618,279.9155127,443.3748471,Africa
KEN,KEN,2022,82.09391795,44.41943831,140.0607249,Africa
GIN,GIN,2018,350.284153,252.4940546,474.4108829,Africa
NGA,NGA,2023,298.9976001,215.6198428,406.1951295,Africa
SWZ,SWZ,2021,1.494763887,1.494763887,1.494763887,Africa
GAB,GAB,2014,193.866859,107.9607172,315.3332821,Africa
GMB,GMB,2011,238.8739091,193.2828969,289.9261033,Africa
MOZ,MOZ,2016,345.2099754,279.345388,422.4710114,Africa
BEN,BEN,2022,376.601112,266.2502598,521.3034231,Africa
NGA,NGA,2013,297.8264948,239.5965318,366.2851341,Africa
NER,NER,2021,304.176622,174.8104497,491.9402185,Africa
UGA,UGA,2019,250.8240477,197.1771378,314.094805,Africa
GNQ,GNQ,2016,315.2137734,205.9100801,465.6025185,Africa
UGA,UGA,2024,264.2318243,154.1685033,426.6393927,Africa
CPV,CPV,2021,0.0,0.0,0.0,Africa
BEN,BEN,2010,417.0712603,332.6538681,519.5534869,Africa
SWZ,SWZ,2011,1.2108897,1.2108897,1.2108897,Africa
NAM,NAM,2015,7.986840709,6.306364746,9.783521702,Africa
NAM,NAM,2011,1.814932101,1.252006727,2.781095827,Africa
BWA,BWA,2023,0.471310279,0.361236524,0.658025167,Africa
MLI,MLI,2013,441.0003673,315.759071,606.0154214,Africa
GNQ,GNQ,2011,290.8268812,202.9131084,403.0597463,Africa
GMB,GMB,2013,204.1187954,160.5970143,252.9275689,Africa
SLE,SLE,2011,427.789827,331.8978579,543.5169371,Africa
NER,NER,2024,305.143644,177.2341506,499.5178214,Africa
MLI,MLI,2014,429.5430268,308.6351117,595.3528633,Africa
MRT,MRT,2011,46.38845773,9.155703805,99.5201354,Africa
NER,NER,2020,330.7829924,193.2123207,537.7292184,Africa
SWZ,SWZ,2024,0.554613638,0.554613638,0.554613638,Africa
CMR,CMR,2014,272.5068975,192.314004,374.6711351,Africa
TZA,TZA,2020,123.3493028,89.28394658,165.1995438,Africa
STP,STP,2014,8.914096368,8.914096368,8.914096368,Africa
NER,NER,2018,349.7528334,220.6724659,528.9866583,Africa
SEN,SEN,2019,41.10709029,27.80536425,55.55419273,Africa
TGO,TGO,2019,289.9780552,212.5595322,386.5965097,Africa
SLE,SLE,2018,340.6108335,236.4564039,480.1315642,Africa
NGA,NGA,2022,298.9976008,215.4783976,402.8461637,Africa
BDI,BDI,2013,234.9596814,173.9891028,309.5428542,Africa
MRT,MRT,2012,24.33632842,1.52469554,59.41856998,Africa
COG,COG,2021,232.0199491,135.6862771,367.3208385,Africa
ETH,ETH,2023,109.2392957,60.34529487,164.109707,Africa
GNQ,GNQ,2018,268.0760346,178.6820212,383.7069775,Africa
NER,NER,2023,305.1436384,175.9578379,495.5894236,Africa
GHA,GHA,2012,367.317594,300.2225168,448.1028749,Africa
COD,COD,2022,327.9426594,247.4510388,422.2856381,Africa
GAB,GAB,2023,191.3028395,120.2440108,287.906262,Africa
TZA,TZA,2014,146.359004,109.1291421,192.1086122,Africa
CAF,CAF,2024,343.843732,168.8237721,638.2811303,Africa
CAF,CAF,2022,354.5004265,169.7585778,661.8623553,Africa
ERI,ERI,2018,31.2319122,20.19000019,43.53197547,Africa
GHA,GHA,2019,215.2688454,164.4414431,277.9878927,Africa
GNQ,GNQ,2017,291.2323708,190.9181577,426.0109479,Africa
ETH,ETH,2010,153.8421519,50.22238099,439.9762831,Africa
STP,STP,2012,66.24823822,66.24823822,66.24823822,Africa
MOZ,MOZ,2024,295.0966751,223.2721708,377.4653984,Africa
MYT,MYT,2012,0.601934493,0.601934493,0.601934493,Africa
ERI,ERI,2023,63.38799483,40.75503495,88.28438973,Africa
ZWE,ZWE,2012,54.46025519,37.23099198,72.85474842,Africa
BDI,BDI,2020,345.1356563,259.5303108,447.6965806,Africa
TGO,TGO,2018,322.4549685,251.3873542,406.157512,Africa
CAF,CAF,2011,443.0376114,276.8495862,681.1752838,Africa
COG,COG,2017,235.8956093,149.0836031,362.8150877,Africa
BFA,BFA,2019,356.4877927,241.5595396,512.9091616,Africa
SEN,SEN,2017,52.06403541,36.178429,68.98699716,Africa
CPV,CPV,2024,0.139226778,0.139226778,0.139226778,Africa
CAF,CAF,2014,420.3927079,245.5095863,672.4443954,Africa
NAM,NAM,2018,24.54696366,19.42459301,30.14644493,Africa
GMB,GMB,2020,83.83123328,58.6221789,120.9230968,Africa
TCD,TCD,2018,224.9858194,144.0756258,334.8931273,Africa
COM,COM,2016,1.977779306,1.977779306,1.977779306,Africa
BDI,BDI,2019,345.2803742,268.3678277,440.3950043,Africa
ZAF,ZAF,2016,0.75498323,0.75498323,0.75498323,Africa
UGA,UGA,2016,281.0223533,211.0702329,365.8251435,Africa
MYT,MYT,2021,0.0,0.0,0.0,Africa
STP,STP,2018,13.97327142,13.97327142,13.97327142,Africa
KEN,KEN,2016,77.26122108,55.28032567,106.2556208,Africa
LBR,LBR,2013,260.7460721,169.5206776,384.8236772,Africa
ZMB,ZMB,2024,252.4103382,203.3012197,312.097919,Africa
DZA,DZA,2021,0.0,0.0,0.0,Africa
CAF,CAF,2019,383.2927883,193.031447,689.631622,Africa
MLI,MLI,2012,424.2861023,302.0698657,576.0641,Africa
NGA,NGA,2016,284.8254203,225.4107528,353.7300677,Africa
GNB,GNB,2017,70.21417943,23.96387776,165.4809408,Africa
CIV,CIV,2023,269.2543208,185.7932309,377.7769143,Africa
ZMB,ZMB,2017,220.1043969,172.9731693,272.6179683,Africa
BEN,BEN,2019,399.9118393,307.5886116,511.2915724,Africa
ZMB,ZMB,2014,237.4727396,187.9832218,296.9260487,Africa
GNB,GNB,2016,74.16426614,24.8291112,170.4163398,Africa
ZAF,ZAF,2013,1.581051812,1.581051812,1.581051812,Africa
MOZ,MOZ,2013,372.3830775,303.1662485,453.2515114,Africa
MYT,MYT,2020,0.031968798,0.031968798,0.031968798,Africa
TGO,TGO,2016,368.5680178,297.7993174,451.4047778,Africa
BDI,BDI,2018,350.8209405,280.4832304,432.224157,Africa
ZAF,ZAF,2017,4.056725096,4.056725096,4.056725096,Africa
MWI,MWI,2023,291.0135392,198.8099578,409.2992036,Africa
NGA,NGA,2014,287.7049251,230.3116421,354.644266,Africa
CPV,CPV,2010,0.354601903,0.354601903,0.354601903,Africa
MRT,MRT,2024,69.5535938,32.8681306,120.3716828,Africa
CPV,CPV,2013,0.165192449,0.165192449,0.165192449,Africa
NER,NER,2010,410.0521523,291.3335511,566.7609905,Africa
LBR,LBR,2019,300.7992117,196.3796265,437.6352325,Africa
MWI,MWI,2020,283.0146401,185.2744067,409.8895115,Africa
ETH,ETH,2020,52.28211767,29.16769617,78.47779938,Africa
GNQ,GNQ,2013,333.656956,234.786175,459.0682007,Africa
BDI,BDI,2021,349.9654968,247.2358681,483.5974963,Africa
MDG,MDG,2012,70.78624992,43.32339312,111.1356799,Africa
TZA,TZA,2017,123.1838275,91.09410176,162.1515073,Africa
MYT,MYT,2013,0.020057364,0.020057364,0.020057364,Africa
MRT,MRT,2022,57.54714717,25.4120436,107.9753271,Africa
SEN,SEN,2020,35.58551473,28.12338084,43.44792483,Africa
MOZ,MOZ,2021,312.4499019,248.9057621,390.1358254,Africa
CAF,CAF,2015,410.3099375,232.4329167,672.0584881,Africa
CMR,CMR,2023,259.0790925,198.7384135,332.9362901,Africa
ETH,ETH,2018,36.4607078,20.1053938,54.80551822,Africa
SLE,SLE,2014,380.2951696,302.1368568,470.535503,Africa
NAM,NAM,2019,2.711721004,1.924097955,3.841101705,Africa
SSD,SSD,2014,271.0397406,200.8504396,355.7344448,Africa
KEN,KEN,2011,82.58194793,61.28061473,109.7169587,Africa
CPV,CPV,2019,0.0,0.0,0.0,Africa
CMR,CMR,2021,270.6524929,207.3611349,346.1296223,Africa
KEN,KEN,2018,74.1496418,53.35805148,99.08937145,Africa
STP,STP,2020,8.890053993,8.890053993,8.890053993,Africa
CAF,CAF,2021,364.2528511,174.2769557,691.062577,Africa
KEN,KEN,2019,71.67133565,52.87011985,94.18054056,Africa
CIV,CIV,2022,280.8684138,204.8343186,375.6456053,Africa
ZMB,ZMB,2018,221.9995372,175.5618959,275.5452367,Africa
GIN,GIN,2022,285.6958989,214.235788,374.085121,Africa
RWA,RWA,2022,85.57229747,66.53803779,105.5851848,Africa
AGO,AGO,2010,170.3617864,129.1448755,219.719428,Africa
GMB,GMB,2012,256.4693548,204.7274868,313.8255753,Africa
MWI,MWI,2015,260.8760238,198.3785602,335.6967425,Africa
COM,COM,2019,22.374132,22.374132,22.374132,Africa
COG,COG,2023,219.4629206,128.1115733,354.9940804,Africa
COG,COG,2011,215.6782055,137.6943446,319.3021589,Africa
BWA,BWA,2020,1.133538195,0.782256111,1.739212899,Africa
GNQ,GNQ,2010,288.3687878,200.0093349,401.263051,Africa
GNB,GNB,2023,97.81367448,27.94664472,260.3589936,Africa
COG,COG,2022,220.5201435,127.7853952,363.0601768,Africa
MDG,MDG,2013,63.67437614,40.80219181,97.78841061,Africa
NER,NER,2019,332.5602149,206.1558271,512.4344931,Africa
STP,STP,2024,30.08881869,30.08881869,30.08881869,Africa
KEN,KEN,2013,85.4403037,63.88103041,111.5923269,Africa
MWI,MWI,2013,306.1345523,234.4325792,397.3604821,Africa
ZMB,ZMB,2016,229.0813586,182.7669631,283.603647,Africa
LBR,LBR,2024,172.34109,103.4256773,268.0435689,Africa
TCD,TCD,2015,215.0271111,132.8429474,327.6377594,Africa
CIV,CIV,2013,287.3865774,216.4923229,374.6774771,Africa
GMB,GMB,2018,81.7458677,59.75103683,105.6031925,Africa
COG,COG,2014,213.0581927,136.6423427,316.4187189,Africa
STP,STP,2017,10.81799295,10.81799295,10.81799295,Africa
COD,COD,2018,337.4244232,260.6853258,427.1135401,Africa
ZMB,ZMB,2023,252.0788372,203.3412778,308.7081924,Africa
RWA,RWA,2017,711.4383145,520.2246567,914.8840134,Africa
TGO,TGO,2012,336.2069791,266.7199041,418.3951107,Africa
TZA,TZA,2019,116.092398,84.37270759,155.8788917,Africa
GNB,GNB,2018,71.68055637,25.72401357,161.7821318,Africa
RWA,RWA,2013,109.4911902,91.24748723,128.8294035,Africa
GIN,GIN,2014,396.6860584,302.5952517,507.2225398,Africa
BFA,BFA,2024,353.4888665,233.8741926,512.0482611,Africa
UGA,UGA,2017,276.5116787,209.7878924,355.5238913,Africa
RWA,RWA,2020,213.1164655,165.6130296,262.5226325,Africa
GHA,GHA,2011,375.1405245,307.2953165,453.8617182,Africa
MLI,MLI,2010,373.5950503,267.6532516,514.5394917,Africa
NGA,NGA,2020,304.3687915,218.6892779,414.2790151,Africa
LBR,LBR,2023,179.3212163,122.6212951,253.0031143,Africa
COM,COM,2023,24.75225985,24.75225985,24.75225985,Africa
BWA,BWA,2016,0.665491819,0.515654919,0.969907081,Africa
GMB,GMB,2023,87.50650983,68.22922555,108.8203455,Africa
CAF,CAF,2018,385.2609437,200.8294188,686.5732414,Africa
LBR,LBR,2015,318.1345533,244.3078404,404.58402,Africa
SEN,SEN,2015,69.27335982,47.04620193,93.8759745,Africa
MLI,MLI,2020,349.3872937,246.5713657,496.4512973,Africa
BWA,BWA,2024,0.200423102,0.153159147,0.278797509,Africa
NER,NER,2016,389.3292161,248.5819951,586.0495808,Africa
MWI,MWI,2017,264.4414837,202.7276013,340.5307207,Africa
BEN,BEN,2015,390.7645149,310.2760059,486.1990294,Africa
TGO,TGO,2017,351.1472248,282.6713769,431.2242813,Africa
UGA,UGA,2015,288.695679,219.8383888,371.3419041,Africa
NGA,NGA,2017,288.9798255,229.0768718,359.8038719,Africa
UGA,UGA,2022,266.5834318,160.0256619,417.7585952,Africa
GIN,GIN,2024,286.0836671,198.1127817,400.6536778,Africa
NAM,NAM,2010,1.546580743,0.475304867,3.718436914,Africa
UGA,UGA,2018,269.2137925,208.1804277,341.1712068,Africa
DZA,DZA,2010,0.000470434,0.000470434,0.000470434,Africa
BDI,BDI,2015,284.9989772,219.9217498,363.8049261,Africa
BDI,BDI,2022,342.3091957,224.7155546,499.3741094,Africa
BEN,BEN,2016,415.9183733,335.9661219,510.7936007,Africa
AGO,AGO,2017,215.3145581,167.481851,271.8965479,Africa
BFA,BFA,2023,353.4888665,233.727555,508.228683,Africa
BFA,BFA,2012,533.3901652,429.7884857,654.1561543,Africa
COM,COM,2015,2.592605844,2.592605844,2.592605844,Africa
CAF,CAF,2013,427.3188181,252.6056513,675.4791306,Africa
AGO,AGO,2021,258.6080753,169.5137743,375.1996182,Africa
ZWE,ZWE,2015,94.11756094,64.14672613,128.1554781,Africa
NER,NER,2012,427.9695499,291.9310148,606.122827,Africa
BDI,BDI,2010,259.3396814,189.8539361,344.5498981,Africa
TCD,TCD,2017,217.0853296,135.2744949,336.6186489,Africa
ERI,ERI,2019,61.84259338,39.6024667,85.97043881,Africa
SSD,SSD,2017,277.3002801,192.3979714,386.1388313,Africa
RWA,RWA,2021,118.7353148,92.22065126,146.4344517,Africa
GAB,GAB,2010,177.8770483,83.94587643,337.4243188,Africa
MDG,MDG,2017,77.22226814,55.79489726,101.1320312,Africa
SSD,SSD,2023,264.9337207,167.2379128,395.1279977,Africa
GIN,GIN,2012,431.7485199,357.9721318,518.1947095,Africa
KEN,KEN,2014,84.43082344,62.96974373,111.0858553,Africa
GMB,GMB,2022,95.51824978,74.30148077,119.1578323,Africa
ZAF,ZAF,2018,1.631378704,1.631378704,1.631378704,Africa
MYT,MYT,2011,1.067121972,1.067121972,1.067121972,Africa
AGO,AGO,2024,258.8999127,160.2673501,392.1348707,Africa
ERI,ERI,2011,25.57224732,16.41158785,35.51160836,Africa
STP,STP,2013,47.85474276,47.85474276,47.85474276,Africa
ERI,ERI,2016,27.70219714,15.06511189,44.00503665,Africa
NER,NER,2013,416.7241634,272.9954992,613.3699305,Africa
GHA,GHA,2022,210.786297,158.5126401,275.3422508,Africa
GNB,GNB,2013,120.8845896,56.11954023,232.9709701,Africa
BEN,BEN,2020,377.0054542,281.1681375,491.1857146,Africa
MRT,MRT,2015,73.54566034,27.82364942,146.6367395,Africa
MDG,MDG,2011,37.07720243,22.59654144,54.43930298,Africa
RWA,RWA,2012,59.68531014,47.15994634,72.62751294,Africa
AGO,AGO,2014,163.8586153,120.2876343,216.9898282,Africa
NER,NER,2017,367.771494,233.9928616,552.9402432,Africa
COD,COD,2015,303.0394902,233.8963868,385.0363682,Africa
CPV,CPV,2015,0.052543874,0.052543874,0.052543874,Africa
GMB,GMB,2024,75.44419593,58.73319331,93.91907462,Africa
TZA,TZA,2022,132.3930445,97.69358523,176.7966733,Africa
LBR,LBR,2017,356.0853913,282.2689271,440.3571545,Africa
NER,NER,2011,424.0201445,296.5481531,584.3712985,Africa
SLE,SLE,2010,438.8863123,338.1077854,558.8244012,Africa
CPV,CPV,2017,3.172055912,3.172055912,3.172055912,Africa
ZWE,ZWE,2023,49.39604595,29.50589926,70.61433082,Africa
BFA,BFA,2011,554.6817927,447.4540461,677.819365,Africa
SLE,SLE,2019,321.8810006,194.9157048,504.2935739,Africa
SEN,SEN,2013,57.86767836,41.28246726,76.75070304,Africa
NAM,NAM,2012,3.132021359,1.280104661,5.396666257,Africa
KEN,KEN,2012,84.2251522,63.2646129,110.1368387,Africa
SEN,SEN,2021,41.85352816,33.06127868,51.1073964,Africa
CMR,CMR,2012,261.1390195,193.5544613,344.9403612,Africa
CPV,CPV,2018,0.014982732,0.014982732,0.014982732,Africa
ZWE,ZWE,2016,66.16057787,43.35376824,91.47365345,Africa
CIV,CIV,2018,280.2152564,189.9177108,400.7790158,Africa
SSD,SSD,2021,276.8211762,178.5715291,411.7899382,Africa
LBR,LBR,2014,287.6955971,194.2337565,413.2495164,Africa
NGA,NGA,2010,363.3581836,294.238556,443.4500325,Africa
GAB,GAB,2013,199.1852835,108.420027,336.7906122,Africa
BWA,BWA,2022,0.339391901,0.260262278,0.480990653,Africa
CAF,CAF,2012,434.7887851,260.7197635,681.9502996,Africa
ETH,ETH,2022,59.88726611,33.2313284,89.39387915,Africa
CMR,CMR,2011,266.5984688,202.7275689,342.4175982,Africa
BWA,BWA,2019,0.167515671,0.129355731,0.230253201,Africa
ETH,ETH,2013,184.0959032,100.8099893,340.344377,Africa
STP,STP,2015,10.26506433,10.26506433,10.26506433,Africa
AGO,AGO,2022,260.0909908,161.3792134,393.0457942,Africa
GIN,GIN,2015,384.3909316,290.8155386,503.7725831,Africa
CPV,CPV,2011,0.052641078,0.052641078,0.052641078,Africa
RWA,RWA,2011,36.94163641,27.57434626,46.7888966,Africa
SWZ,SWZ,2014,1.222643739,1.222643739,1.222643739,Africa
GNQ,GNQ,2023,229.8104137,147.874806,340.4949612,Africa
AGO,AGO,2015,174.4717751,133.5345612,224.2944104,Africa
GAB,GAB,2016,182.548162,107.7451214,291.1408147,Africa
GIN,GIN,2017,358.4773325,259.241759,482.0283321,Africa
GMB,GMB,2017,63.21308827,47.24979496,80.74040993,Africa
MYT,MYT,2022,0.0,0.0,0.0,Africa
ZAF,ZAF,2010,1.53981207,1.53981207,1.53981207,Africa
TCD,TCD,2019,217.2197469,136.7474702,327.5177126,Africa
SLE,SLE,2017,350.548609,271.2223885,447.0822703,Africa
TZA,TZA,2012,121.4475751,89.98237387,160.2519074,Africa
STP,STP,2023,10.17018162,10.17018162,10.17018162,Africa
AGO,AGO,2012,153.0532906,113.4606981,201.9277819,Africa
TZA,TZA,2023,138.4507573,100.925264,186.2766759,Africa
ERI,ERI,2024,102.4243955,65.71928466,142.8278783,Africa
ZAF,ZAF,2022,0.327517165,0.327517165,0.327517165,Africa
MWI,MWI,2022,285.5038484,200.3636734,395.0983345,Africa
SWZ,SWZ,2015,0.993790373,0.993790373,0.993790373,Africa
MWI,MWI,2021,280.4884339,193.8231852,395.2495848,Africa
GHA,GHA,2010,366.4042865,299.3956142,442.1780551,Africa
ETH,ETH,2024,138.4950248,76.56462664,207.5954257,Africa
TGO,TGO,2015,372.3465213,301.4249409,454.4557035,Africa
SSD,SSD,2013,276.1013856,209.065503,358.6147059,Africa
NAM,NAM,2024,7.199087298,5.701467175,8.83769561,Africa
MDG,MDG,2021,166.3284226,106.2935672,230.784155,Africa
COM,COM,2018,19.68143703,19.68143703,19.68143703,Africa
MRT,MRT,2016,94.53058931,40.2552784,177.3898574,Africa
TZA,TZA,2015,141.8033753,106.0000419,186.658681,Africa
ERI,ERI,2015,20.61473248,13.24500587,28.72362863,Africa
MYT,MYT,2015,0.018509264,0.018509264,0.018509264,Africa
GHA,GHA,2021,212.4652104,160.9065186,276.5365199,Africa
GNQ,GNQ,2015,333.8154772,229.6367139,471.9820444,Africa
AGO,AGO,2019,243.1031771,160.147561,352.1128561,Africa
GIN,GIN,2013,413.7324467,329.9210664,514.724115,Africa
TGO,TGO,2024,249.252173,166.3377153,356.9556059,Africa
SSD,SSD,2010,275.6155299,215.638386,346.787446,Africa
ERI,ERI,2012,17.28126683,10.87916712,24.83486105,Africa
BEN,BEN,2014,369.1138615,284.8999338,470.6866671,Africa
ZMB,ZMB,2013,228.0255656,177.3817168,287.9333781,Africa
SSD,SSD,2018,276.3027121,185.4328598,395.5390494,Africa
STP,STP,2010,17.3045401,17.3045401,17.3045401,Africa
MOZ,MOZ,2010,377.9403967,310.9315766,455.2480713,Africa
STP,STP,2011,45.47290855,45.47290855,45.47290855,Africa
SLE,SLE,2020,313.1107538,178.197648,510.1879917,Africa
ZMB,ZMB,2020,234.2474145,185.8957748,291.2029474,Africa
GIN,GIN,2023,285.502144,200.0749351,392.0042914,Africa
GNQ,GNQ,2014,333.9969868,236.47974,463.3028224,Africa
ERI,ERI,2017,36.79848601,23.51739348,50.98045549,Africa
GNB,GNB,2022,97.6115741,30.451421,231.9785907,Africa
BWA,BWA,2011,0.496104272,0.381171024,0.683052656,Africa
MOZ,MOZ,2020,320.6527106,251.9078692,402.8207691,Africa
CPV,CPV,2023,0.0,0.0,0.0,Africa
BEN,BEN,2018,407.709079,323.7784946,507.2398944,Africa
AGO,AGO,2011,157.062634,117.605634,205.0635002,Africa
TCD,TCD,2013,208.0210694,137.5576778,299.7284262,Africa
MDG,MDG,2015,106.9755724,75.78504774,143.6306083,Africa
CAF,CAF,2023,345.9834408,166.0140478,641.0697643,Africa
RWA,RWA,2019,385.3459071,299.5446773,475.0557975,Africa
ZAF,ZAF,2023,0.837019584,0.837019584,0.837019584,Africa
CIV,CIV,2017,268.5383373,171.1950758,402.779656,Africa
ETH,ETH,2011,143.6950999,57.57346562,375.2873071,Africa
AGO,AGO,2023,255.4718915,157.5463948,395.4405251,Africa
ZWE,ZWE,2014,97.70572,72.10578965,124.8368032,Africa
NER,NER,2015,404.9041255,257.9195449,606.6006765,Africa
MYT,MYT,2016,0.319766925,0.319766925,0.319766925,Africa
CMR,CMR,2018,248.9797082,189.8935135,319.9394023,Africa
MWI,MWI,2018,270.9531009,195.9733768,363.1691579,Africa
GMB,GMB,2016,130.0735757,98.32339654,164.446853,Africa
TCD,TCD,2021,206.6533232,125.3333612,318.1594872,Africa
TGO,TGO,2022,278.590208,201.6713133,371.4259751,Africa
TCD,TCD,2012,215.4749261,160.4790692,284.7330836,Africa
CIV,CIV,2019,292.7641743,211.0393892,395.0140618,Africa
ZMB,ZMB,2010,169.9224537,133.948044,212.5526508,Africa
TCD,TCD,2022,209.093854,123.9588102,330.3249113,Africa
GNQ,GNQ,2024,227.7301751,148.9378822,333.7953682,Africa
COD,COD,2016,310.2763857,237.6846296,399.3548054,Africa
BWA,BWA,2015,0.311489158,0.240291636,0.418970032,Africa
UGA,UGA,2012,349.7942202,277.8102825,434.964086,Africa
ETH,ETH,2014,144.069847,54.10456645,251.5094851,Africa
MDG,MDG,2023,200.0243173,127.9292177,279.2842485,Africa
TCD,TCD,2024,206.1380953,121.6401696,330.0790259,Africa
SWZ,SWZ,2022,0.627021705,0.627021705,0.627021705,Africa
COD,COD,2021,338.0367627,259.4746485,435.7402049,Africa
SWZ,SWZ,2012,1.299728932,1.299728932,1.299728932,Africa
COM,COM,2022,24.78458093,24.78458093,24.78458093,Africa
MLI,MLI,2018,377.1709055,266.18714,535.8584858,Africa
MUS,MUS,2021,0.0,,,Africa
SEN,SEN,2016,45.5038804,31.24255879,61.42858402,Africa
CIV,CIV,2012,375.1917047,300.3035423,468.5273556,Africa
DZA,DZA,2016,0.0,0.0,0.0,Africa
GHA,GHA,2013,344.3307489,280.4884493,420.2636214,Africa
GAB,GAB,2020,193.5747903,144.5463349,253.5195964,Africa
GNB,GNB,2021,98.71184807,36.51651585,219.4678827,Africa
CPV,CPV,2012,0.007512696,0.007512696,0.007512696,Africa
BFA,BFA,2022,356.2663849,237.6015399,514.8115846,Africa
MOZ,MOZ,2011,375.9882167,309.2642232,453.3525897,Africa
LBR,LBR,2020,276.9257688,180.5047487,405.6792669,Africa
ERI,ERI,2020,48.2758935,31.28283307,67.03135112,Africa
SEN,SEN,2024,36.78065012,28.9143721,45.3384837,Africa
GIN,GIN,2019,321.2020764,222.894202,450.9192483,Africa
ZMB,ZMB,2012,206.1546522,159.8948066,259.2735159,Africa
BFA,BFA,2016,373.1719736,276.7622242,494.1937035,Africa
CMR,CMR,2024,260.4594815,190.286276,349.3959259,Africa
COM,COM,2021,12.87867862,12.87867862,12.87867862,Africa
TGO,TGO,2023,264.7971586,192.527036,353.8538076,Africa
ZAF,ZAF,2024,0.114830867,0.114830867,0.114830867,Africa
MRT,MRT,2018,79.68121244,31.37889796,157.209583,Africa
ERI,ERI,2013,16.03878531,10.22316027,22.68295678,Africa
TZA,TZA,2016,134.0467683,99.57775306,177.3345937,Africa
CMR,CMR,2022,265.0342957,204.6063685,336.9445549,Africa
SWZ,SWZ,2017,1.356793527,1.356793527,1.356793527,Africa
LBR,LBR,2011,299.3768564,224.0637803,393.177491,Africa
MLI,MLI,2021,345.9227287,244.02793,491.9512024,Africa
SSD,SSD,2012,278.3962611,210.4304594,359.7176221,Africa
ETH,ETH,2021,45.55933568,25.25301448,67.99392993,Africa
NER,NER,2014,410.1174189,262.8948102,606.929183,Africa
BDI,BDI,2023,323.249095,207.1595358,487.7931336,Africa
LBR,LBR,2022,181.7909089,130.6558091,247.8364017,Africa
DZA,DZA,2023,0.0,0.0,0.0,Africa
GNB,GNB,2012,126.5544236,63.93074186,226.1733718,Africa
NAM,NAM,2014,14.04706366,11.12703983,17.24827395,Africa
GAB,GAB,2018,186.7259529,130.4318956,259.8404297,Africa
KEN,KEN,2017,76.8492024,55.21773652,104.5301108,Africa
TZA,TZA,2024,136.7250515,97.06692146,188.5383449,Africa
COG,COG,2018,249.7715716,155.3236544,380.8118665,Africa
SLE,SLE,2022,298.1900264,171.8913159,481.7050774,Africa
GAB,GAB,2015,185.3606266,108.8378722,293.2672347,Africa
TGO,TGO,2013,369.590891,301.6231411,448.0258267,Africa
SSD,SSD,2024,254.0781492,152.9694812,390.4269703,Africa
NGA,NGA,2021,299.2711055,217.4433874,407.2521096,Africa
DZA,DZA,2013,0.003545395,0.003545395,0.003545395,Africa
MOZ,MOZ,2015,353.6724564,289.1440929,429.6363892,Africa
MYT,MYT,2010,5.193723703,5.193723703,5.193723703,Africa
MOZ,MOZ,2022,304.5014421,244.4148005,374.7066373,Africa
MLI,MLI,2022,346.2195843,243.8980556,492.2391545,Africa
MDG,MDG,2022,117.0771285,74.86885318,162.5030316,Africa
TGO,TGO,2021,279.5067973,204.6844846,378.1018109,Africa
MRT,MRT,2013,27.1125812,1.620088327,64.88564311,Africa
MWI,MWI,2014,275.0492764,205.0661843,359.2903752,Africa
KEN,KEN,2015,81.79663555,59.78192649,108.6892935,Africa
SWZ,SWZ,2019,0.762794978,0.762794978,0.762794978,Africa
SEN,SEN,2022,38.09999862,30.08006638,46.81492709,Africa
MYT,MYT,2018,0.050563786,0.050563786,0.050563786,Africa
COD,COD,2011,360.232861,287.8369833,447.1753194,Africa
COM,COM,2014,3.096266771,3.096266771,3.096266771,Africa
CMR,CMR,2017,258.9845553,194.6409315,336.7422846,Africa
RWA,RWA,2018,477.5673375,360.7913572,600.5525967,Africa
NAM,NAM,2013,4.387203728,3.48558694,5.383357374,Africa
GMB,GMB,2010,232.8107799,172.6570087,301.9772229,Africa
LBR,LBR,2021,216.0652616,151.951658,303.0931643,Africa
ZWE,ZWE,2020,94.29687221,56.56121918,135.9160272,Africa
CMR,CMR,2019,243.4369903,183.8744994,317.0954521,Africa
COD,COD,2014,297.362933,231.9887451,377.4171433,Africa
TZA,TZA,2013,131.7988925,98.46420196,174.1676789,Africa
DZA,DZA,2019,0.0,0.0,0.0,Africa
CIV,CIV,2021,283.6400432,217.8976139,366.0719397,Africa
TZA,TZA,2021,133.3293979,97.29596155,178.3490318,Africa
ETH,ETH,2019,33.61048632,18.65889904,50.03388344,Africa
ZAF,ZAF,2019,0.809057144,0.809057144,0.809057144,Africa
COG,COG,2012,215.8993345,138.3225379,322.9548988,Africa
BDI,BDI,2017,346.2885562,281.9285912,421.1705191,Africa
SLE,SLE,2016,363.5640182,291.7037295,447.9831348,Africa
STP,STP,2022,17.5426968,17.5426968,17.5426968,Africa
SLE,SLE,2013,396.1229964,319.8211035,487.2156318,Africa
ZAF,ZAF,2014,2.1054116,2.1054116,2.1054116,Africa
RWA,RWA,2015,308.0374762,229.2430225,389.9888634,Africa
ZAF,ZAF,2015,0.874240373,0.874240373,0.874240373,Africa
MWI,MWI,2010,389.8138079,314.8456834,476.9122683,Africa
BWA,BWA,2021,0.67332158,0.514412662,0.937138647,Africa
GMB,GMB,2021,62.48347735,48.66946311,77.91792459,Africa
NGA,NGA,2018,291.073537,228.9833585,367.0693166,Africa
KEN,KEN,2021,88.68703596,58.33939663,129.8524883,Africa
ZAF,ZAF,2011,1.861678039,1.861678039,1.861678039,Africa
CIV,CIV,2010,458.1223177,375.9838719,553.8472698,Africa
GAB,GAB,2024,187.0020335,102.1293341,313.2878204,Africa
CAF,CAF,2016,395.974638,221.7459383,656.3228003,Africa
CAF,CAF,2017,387.4411444,207.4041621,658.1849104,Africa
SWZ,SWZ,2013,2.300906772,2.300906772,2.300906772,Africa
SLE,SLE,2023,284.0818617,158.7094522,473.9283302,Africa
MRT,MRT,2010,36.27552519,2.030690978,80.91135736,Africa
MLI,MLI,2015,381.7113885,270.7481055,541.0357622,Africa
GNQ,GNQ,2012,312.7679297,220.1637169,431.6689512,Africa
MLI,MLI,2023,346.2195915,244.3470588,492.212284,Africa
CAF,CAF,2010,453.1091176,292.4791704,674.2904009,Africa
NAM,NAM,2023,8.238249355,6.537526637,10.09332232,Africa
TCD,TCD,2016,214.2996233,130.6576532,329.4489723,Africa
DZA,DZA,2022,0.0,0.0,0.0,Africa
BWA,BWA,2017,1.955008195,1.505832086,2.671018301,Africa
ETH,ETH,2015,130.0601358,49.51826995,238.8060232,Africa
MWI,MWI,2024,294.5279965,191.2981685,431.3356252,Africa
COG,COG,2016,215.7471006,132.906092,332.0715501,Africa
COM,COM,2020,5.667177369,5.667177369,5.667177369,Africa
NAM,NAM,2017,44.80569541,35.58663021,54.80377814,Africa
ZMB,ZMB,2011,181.1215632,141.5864975,227.5588014,Africa
BDI,BDI,2016,321.3045726,256.7899113,397.6015377,Africa
MOZ,MOZ,2019,323.9677718,255.761796,404.1198303,Africa
MRT,MRT,2019,60.21141041,21.31401605,122.0987976,Africa
MDG,MDG,2019,71.72675373,49.00686772,96.31751976,Africa
GNB,GNB,2015,89.59470594,36.92541266,185.2420938,Africa
ETH,ETH,2012,159.6738451,78.7492631,366.039927,Africa
MRT,MRT,2021,26.24652736,11.92760356,48.30844496,Africa
COM,COM,2012,73.11895474,73.11895474,73.11895474,Africa
MYT,MYT,2023,0.0,0.0,0.0,Africa
COG,COG,2020,240.8405313,144.0523294,380.1714994,Africa
ZWE,ZWE,2018,53.61458214,33.18225113,75.77238244,Africa
CIV,CIV,2014,243.2454812,174.1912981,332.7289741,Africa
GHA,GHA,2023,194.918396,144.1574959,257.2898019,Africa
ZMB,ZMB,2021,240.9800401,194.8196268,295.5630818,Africa
UGA,UGA,2011,382.8950377,302.7692832,478.1518652,Africa
SWZ,SWZ,2016,0.7767304,0.7767304,0.7767304,Africa
GNB,GNB,2010,124.5395334,70.8174471,204.3019231,Africa
GHA,GHA,2020,219.6265037,168.1247565,282.8304384,Africa
NGA,NGA,2019,292.9999532,226.4616604,376.2231471,Africa
CPV,CPV,2020,0.0,0.0,0.0,Africa
ZWE,ZWE,2022,28.90136636,17.37074701,41.30337737,Africa
ZWE,ZWE,2010,104.3780603,56.77171274,166.0582092,Africa
GHA,GHA,2017,226.1852816,173.1852387,290.2046668,Africa
NAM,NAM,2016,16.55471625,13.10657886,20.23021499,Africa
MDG,MDG,2024,255.4457137,163.1685603,354.7227274,Africa
TCD,TCD,2010,244.6646967,195.7948745,301.6637451,Africa
BWA,BWA,2014,1.441645643,1.122205857,1.928478821,Africa
GNQ,GNQ,2021,239.5754799,158.3353376,344.5265513,Africa
UGA,UGA,2013,310.2735934,244.5639317,387.7544695,Africa
MDG,MDG,2010,44.52075296,25.72563464,72.14342948,Africa
BFA,BFA,2021,378.5779953,251.2821159,547.8608465,Africa
GIN,GIN,2020,304.9429508,218.4423716,415.3234628,Africa
MWI,MWI,2019,280.2880012,185.0099394,404.4764709,Africa
BEN,BEN,2013,362.1389931,279.104852,462.2210679,Africa
SLE,SLE,2015,367.8219521,294.0538965,455.2095904,Africa
COD,COD,2019,339.7696948,263.5523299,432.1087228,Africa
CIV,CIV,2015,242.1159469,160.0412309,353.2421994,Africa
GIN,GIN,2021,294.4452917,227.6138245,376.2573928,Africa
RWA,RWA,2014,202.3026977,151.95914,254.4458672,Africa
BDI,BDI,2012,232.2408628,177.5863921,298.7498867,Africa
CIV,CIV,2024,267.9490628,178.2778362,388.4717441,Africa
ETH,ETH,2016,92.88594821,38.87483249,171.829705,Africa
BFA,BFA,2014,446.1424833,358.4627996,548.5989643,Africa
CAF,CAF,2020,376.0841264,184.8594575,694.6301278,Africa
COD,COD,2013,310.4858404,244.5488162,388.0534292,Africa
BDI,BDI,2014,250.8557346,185.5332074,331.5431094,Africa
BEN,BEN,2021,378.2004988,277.2783139,502.1958182,Africa
SEN,SEN,2010,60.3964477,42.41050074,80.33369232,Africa
BEN,BEN,2012,365.180444,287.1751444,456.3219964,Africa
SSD,SSD,2019,285.9328602,189.3208386,416.6272513,Africa
NGA,NGA,2012,316.2204182,255.2395212,389.0072903,Africa
UGA,UGA,2023,267.5743421,155.9123155,426.1067717,Africa
NER,NER,2022,305.1436384,177.367875,490.0496625,Africa
BFA,BFA,2015,417.9542768,330.7179829,520.5577775,Africa
SEN,SEN,2012,53.04235891,36.79315546,71.89512463,Africa
GNB,GNB,2020,95.17125252,34.27038552,208.7548025,Africa
BWA,BWA,2013,0.510840745,0.398103477,0.68558351,Africa
GHA,GHA,2016,244.9214645,188.9942577,312.9126842,Africa
ZWE,ZWE,2011,67.44538249,44.33334037,93.00385516,Africa
MWI,MWI,2016,260.9226051,199.7808687,337.0372148,Africa
MLI,MLI,2019,325.7605808,229.9300212,462.4161504,Africa
SWZ,SWZ,2023,1.73274008,1.73274008,1.73274008,Africa
COG,COG,2015,210.6150369,131.0408665,318.5606454,Africa
BFA,BFA,2010,568.369186,457.420064,696.0914671,Africa
SLE,SLE,2024,282.6656771,153.5705359,474.1438433,Africa
MDG,MDG,2014,49.79904983,34.92558334,68.19904768,Africa
COD,COD,2024,321.8929684,243.1034179,416.9310771,Africa
UGA,UGA,2020,255.6631833,197.2209888,326.4055416,Africa
DZA,DZA,2017,0.0,0.0,0.0,Africa
TGO,TGO,2014,368.9771092,301.9169148,446.0527304,Africa
CPV,CPV,2022,0.0,0.0,0.0,Africa
CIV,CIV,2011,461.5794301,379.9139394,557.1371141,Africa
GNQ,GNQ,2020,244.2993403,164.9688343,349.38305,Africa
BEN,BEN,2011,382.9891408,301.8670229,480.1837953,Africa
BWA,BWA,2012,0.217458171,0.167385566,0.321179997,Africa
GHA,GHA,2014,313.806791,250.8492332,387.7960094,Africa
MDG,MDG,2016,63.37210888,44.49089217,86.1709238,Africa
CMR,CMR,2010,295.6715724,225.970281,379.6385331,Africa
GHA,GHA,2024,195.7696618,135.6087531,274.0383601,Africa
GNQ,GNQ,2019,247.3995271,167.3562592,356.7573078,Africa
NAM,NAM,2021,9.557697618,7.581329184,11.69004766,Africa
BDI,BDI,2011,245.350113,184.3084024,318.6796266,Africa
RWA,RWA,2010,104.653206,72.4594824,138.2102399,Africa
BEN,BEN,2024,354.253113,227.8638848,527.484627,Africa
ZWE,ZWE,2017,114.7046387,71.59187596,165.8095965,Africa
TGO,TGO,2010,318.5258571,243.5394737,413.4489253,Africa
CIV,CIV,2016,258.1034563,161.1700234,392.0457757,Africa
TCD,TCD,2014,212.0052629,132.3629732,319.116706,Africa
MYT,MYT,2019,0.066137566,0.066137566,0.066137566,Africa
TGO,TGO,2020,283.9224335,204.2293119,386.2154545,Africa
SWZ,SWZ,2018,2.09593645,2.09593645,2.09593645,Africa
ZAF,ZAF,2020,0.736926125,0.736926125,0.736926125,Africa
LBR,LBR,2010,322.1434924,244.8285553,415.0189522,Africa
MOZ,MOZ,2014,361.474302,295.9905849,439.5630684,Africa
BWA,BWA,2010,1.653670012,0.985228253,2.95134471,Africa
MDG,MDG,2018,71.86049528,50.7944184,95.65172225,Africa
DZA,DZA,2012,0.024871853,0.024871853,0.024871853,Africa
MLI,MLI,2024,346.2195913,243.9577987,492.3968715,Africa
ZWE,ZWE,2021,27.53749473,16.35279069,39.45940353,Africa
MOZ,MOZ,2018,331.298561,262.7193624,409.1742218,Africa
COM,COM,2024,62.78703204,62.78703204,62.78703204,Africa
KEN,KEN,2010,80.27255074,59.38186066,106.7033206,Africa
CIV,CIV,2020,295.6638508,221.8251167,384.9875952,Africa
MLI,MLI,2011,394.1824,281.3879413,537.8803394,Africa
AGO,AGO,2020,244.5295723,153.7013919,365.0353305,Africa
NGA,NGA,2024,294.2517937,211.0299542,397.3596962,Africa
MYT,MYT,2014,0.019278967,0.019278967,0.019278967,Africa
BEN,BEN,2017,415.7384105,336.5913497,510.3474897,Africa
COG,COG,2024,221.0209411,130.6455858,350.3440492,Africa
GAB,GAB,2021,189.1920889,136.7447792,253.2779707,Africa
GAB,GAB,2011,195.4007443,95.28496047,358.7107544,Africa
DZA,DZA,2011,0.000461318,0.000461318,0.000461318,Africa
ETH,ETH,2017,70.71058376,33.35468763,122.3471223,Africa
GHA,GHA,2015,275.9898421,216.12485,347.1758308,Africa
COD,COD,2020,338.9196758,258.7575559,435.739004,Africa
ERI,ERI,2014,35.43874137,22.80861936,49.36337141,Africa
DZA,DZA,2015,0.0,0.0,0.0,Africa
RWA,RWA,2024,77.13835155,59.95770826,94.97175547,Africa
STP,STP,2016,10.98739248,10.98739248,10.98739248,Africa
GNB,GNB,2024,110.127776,30.57728841,295.8677099,Africa
CMR,CMR,2020,264.811951,198.0330026,345.8377565,Africa
AGO,AGO,2013,158.1038401,115.8460377,211.6336934,Africa
MDG,MDG,2020,138.7306278,92.1305288,189.5956053,Africa
GIN,GIN,2011,428.7812206,351.1515055,516.5255011,Africa
MOZ,MOZ,2017,333.7416332,266.4037467,411.458819,Africa
GNQ,GNQ,2022,237.5643524,154.4305243,345.381166,Africa
DZA,DZA,2024,0.0,0.0,0.0,Africa
DZA,DZA,2018,0.0,0.0,0.0,Africa
SLE,SLE,2021,305.8165182,177.2749142,491.1572119,Africa
GAB,GAB,2017,184.6590013,114.3375562,284.6133224,Africa
ZWE,ZWE,2024,11.36272542,6.827783476,16.36238798,Africa
MRT,MRT,2017,72.78655602,25.21778374,149.3258679,Africa
GHA,GHA,2018,212.7630234,162.3576299,273.6587054,Africa
COD,COD,2023,325.2947774,246.4222286,420.4573864,Africa
MWI,MWI,2011,395.2465971,318.7805691,484.1447182,Africa
AGO,AGO,2016,189.7796222,146.7869008,240.669909,Africa
SSD,SSD,2022,274.7837187,177.22787,408.6503397,Africa
COG,COG,2010,214.4367578,138.5772384,315.9158358,Africa
UGA,UGA,2021,268.6123762,183.045766,380.1948605,Africa
MRT,MRT,2014,56.3040842,20.04370909,112.1371878,Africa
TZA,TZA,2010,145.5640581,107.53831,192.9914655,Africa
BFA,BFA,2018,356.2296901,239.3302426,507.9776569,Africa
