country_code,year,deaths_count,low,high,parent_region
UGA,2016,15637.0,14400.0,17100.0,Africa
SLE,2022,8194.0,5720.0,11600.0,Africa
DZA,2014,0.0,,,Africa
MDG,2010,2441.0,940.0,4990.0,Africa
BEN,2013,8439.0,7800.0,9130.0,Africa
SSD,2022,6700.0,3680.0,13400.0,Africa
GNQ,2016,785.0,660.0,960.0,Africa
CAF,2022,5101.0,4010.0,6520.0,Africa
MLI,2021,14352.0,11900.0,17600.0,Africa
TGO,2017,3858.0,3460.0,4310.0,Africa
COG,2015,2018.0,1810.0,2290.0,Africa
NGA,2017,177176.0,150000.0,214000.0,Africa
SLE,2021,8464.0,6010.0,11700.0,Africa
STP,2011,19.0,,,Africa
ZAF,2016,34.0,,,Africa
BDI,2016,5779.0,5020.0,6820.0,Africa
LBR,2021,3902.0,3000.0,5330.0,Africa
RWA,2013,2954.0,2860.0,3060.0,Africa
BFA,2015,21478.0,18100.0,25500.0,Africa
SEN,2015,2587.0,1030.0,4730.0,Africa
ETH,2019,5708.0,2030.0,11200.0,Africa
BFA,2011,36043.0,32500.0,39900.0,Africa
SEN,2019,1720.0,700.0,3130.0,Africa
UGA,2021,17438.0,13900.0,23100.0,Africa
NER,2013,31459.0,28700.0,34600.0,Africa
ZWE,2010,2810.0,1020.0,5610.0,Africa
COD,2016,66971.0,50300.0,89000.0,Africa
MOZ,2019,18096.0,13800.0,24900.0,Africa
COM,2024,139.0,64.0,210.0,Africa
MWI,2022,7525.0,6340.0,9680.0,Africa
COD,2015,60443.0,46800.0,77700.0,Africa
GIN,2010,13854.0,12900.0,14900.0,Africa
CPV,2022,0.0,,,Africa
SWZ,2011,1.0,,,Africa
NER,2011,31339.0,28800.0,34100.0,Africa
ZAF,2019,79.0,,,Africa
RWA,2023,3349.0,3130.0,3780.0,Africa
RWA,2022,3311.0,3090.0,3730.0,Africa
GAB,2012,400.0,360.0,440.0,Africa
NER,2021,34234.0,28900.0,40900.0,Africa
TCD,2014,12692.0,11300.0,14200.0,Africa
MRT,2014,724.0,700.0,750.0,Africa
ETH,2022,10570.0,3820.0,20700.0,Africa
ERI,2020,372.0,150.0,690.0,Africa
MOZ,2014,23197.0,19800.0,27800.0,Africa
ETH,2015,21051.0,4540.0,53300.0,Africa
MWI,2024,7501.0,6480.0,9320.0,Africa
AGO,2011,11524.0,9300.0,14500.0,Africa
BWA,2015,5.0,,,Africa
GNQ,2023,757.0,640.0,970.0,Africa
COM,2022,52.0,24.0,81.0,Africa
DZA,2019,0.0,,,Africa
KEN,2018,10789.0,10600.0,11100.0,Africa
MLI,2020,16288.0,12600.0,21100.0,Africa
CPV,2016,1.0,,,Africa
SWZ,2024,0.0,,,Africa
ETH,2020,9424.0,3430.0,18600.0,Africa
GNB,2010,874.0,800.0,960.0,Africa
SEN,2011,1602.0,660.0,2850.0,Africa
BWA,2020,11.0,,,Africa
COM,2020,11.0,5.0,17.0,Africa
SLE,2014,10635.0,9750.0,11600.0,Africa
GNQ,2021,795.0,660.0,1050.0,Africa
ERI,2024,786.0,320.0,1450.0,Africa
NGA,2015,169052.0,148000.0,196000.0,Africa
MYT,2011,50.0,50.0,50.0,Africa
MWI,2014,7737.0,7300.0,8220.0,Africa
UGA,2019,15947.0,14200.0,18300.0,Africa
LBR,2013,2951.0,2750.0,3190.0,Africa
MLI,2016,17286.0,15500.0,19400.0,Africa
LBR,2018,4482.0,3860.0,5290.0,Africa
COG,2011,1885.0,1770.0,2000.0,Africa
CMR,2012,12071.0,11300.0,12900.0,Africa
CIV,2021,11248.0,9670.0,13100.0,Africa
NGA,2013,163867.0,148000.0,183000.0,Africa
COM,2013,135.0,63.0,210.0,Africa
TCD,2021,13801.0,10700.0,18200.0,Africa
SEN,2016,1751.0,710.0,3200.0,Africa
CPV,2021,0.0,,,Africa
BEN,2017,11265.0,10200.0,12500.0,Africa
SEN,2017,2062.0,840.0,3720.0,Africa
BWA,2010,8.0,,,Africa
NER,2023,35381.0,28500.0,44500.0,Africa
ZWE,2014,2798.0,1180.0,4890.0,Africa
GAB,2020,427.0,370.0,530.0,Africa
NER,2012,29168.0,26700.0,31900.0,Africa
ETH,2012,19915.0,7200.0,44600.0,Africa
MRT,2022,718.0,220.0,1610.0,Africa
GNQ,2018,752.0,640.0,930.0,Africa
CPV,2019,0.0,,,Africa
NAM,2016,65.0,,,Africa
COG,2022,2236.0,1950.0,2820.0,Africa
BEN,2020,10320.0,8690.0,12300.0,Africa
ZMB,2015,8015.0,7610.0,8460.0,Africa
BDI,2019,6477.0,5370.0,8200.0,Africa
ZAF,2021,56.0,,,Africa
BEN,2010,9282.0,8660.0,9970.0,Africa
SSD,2024,6749.0,3720.0,13800.0,Africa
ERI,2014,227.0,91.0,420.0,Africa
COG,2017,2107.0,1860.0,2480.0,Africa
AGO,2019,15253.0,10700.0,22800.0,Africa
SWZ,2020,2.0,,,Africa
ERI,2015,128.0,52.0,240.0,Africa
GHA,2024,11635.0,11000.0,12600.0,Africa
MDG,2018,4884.0,2030.0,8720.0,Africa
ZAF,2018,69.0,,,Africa
GHA,2023,11464.0,10800.0,12400.0,Africa
MDG,2014,3048.0,1270.0,5450.0,Africa
SEN,2013,2031.0,840.0,3600.0,Africa
UGA,2022,17538.0,13900.0,23600.0,Africa
UGA,2024,16204.0,14000.0,19500.0,Africa
ERI,2023,459.0,180.0,850.0,Africa
RWA,2016,3053.0,2930.0,3200.0,Africa
TZA,2013,22043.0,21300.0,22900.0,Africa
ZMB,2021,8734.0,7540.0,10600.0,Africa
BDI,2022,7146.0,5300.0,10400.0,Africa
BEN,2021,11115.0,8600.0,14300.0,Africa
GHA,2022,11463.0,10700.0,12500.0,Africa
SWZ,2015,5.0,,,Africa
BEN,2016,11244.0,10200.0,12400.0,Africa
STP,2014,0.0,,,Africa
KEN,2020,11384.0,10800.0,12000.0,Africa
MRT,2013,682.0,660.0,700.0,Africa
ZAF,2023,64.0,,,Africa
GNQ,2010,602.0,550.0,670.0,Africa
SEN,2020,1529.0,670.0,2580.0,Africa
MYT,2020,2.0,2.0,2.0,Africa
ZWE,2011,1848.0,730.0,3400.0,Africa
TGO,2016,4642.0,4170.0,5160.0,Africa
BWA,2016,3.0,,,Africa
MOZ,2020,22295.0,13900.0,37400.0,Africa
ETH,2013,26097.0,9250.0,51400.0,Africa
RWA,2020,3186.0,3000.0,3510.0,Africa
AGO,2016,12961.0,9580.0,18100.0,Africa
COD,2021,70300.0,45700.0,111000.0,Africa
COG,2013,2029.0,1850.0,2230.0,Africa
BWA,2012,3.0,,,Africa
SLE,2024,6646.0,5320.0,8360.0,Africa
ZMB,2023,8525.0,7570.0,10100.0,Africa
BFA,2018,16604.0,13100.0,21300.0,Africa
ZWE,2019,2003.0,740.0,3810.0,Africa
SEN,2024,1742.0,770.0,2960.0,Africa
CPV,2020,0.0,,,Africa
NAM,2023,23.0,,,Africa
KEN,2013,10297.0,10100.0,10600.0,Africa
MRT,2019,688.0,180.0,1720.0,Africa
CMR,2024,11702.0,9800.0,14400.0,Africa
CMR,2011,11870.0,11100.0,12700.0,Africa
STP,2015,0.0,,,Africa
ZAF,2017,301.0,,,Africa
ZAF,2012,72.0,,,Africa
CPV,2017,2.0,,,Africa
DZA,2023,0.0,,,Africa
RWA,2014,2959.0,2860.0,3070.0,Africa
MDG,2017,5114.0,2140.0,9040.0,Africa
BFA,2014,24153.0,20700.0,28100.0,Africa
COG,2023,2244.0,1970.0,2820.0,Africa
MYT,2024,0.0,0.0,0.0,Africa
SEN,2022,1721.0,750.0,2900.0,Africa
CIV,2017,10298.0,9430.0,11200.0,Africa
UGA,2023,15945.0,13800.0,19300.0,Africa
SWZ,2014,4.0,,,Africa
AGO,2010,12185.0,9980.0,15100.0,Africa
KEN,2016,10483.0,10300.0,10700.0,Africa
COM,2018,38.0,18.0,59.0,Africa
NGA,2018,181095.0,149000.0,224000.0,Africa
MLI,2014,21886.0,20000.0,24000.0,Africa
SLE,2019,7977.0,6930.0,9160.0,Africa
CIV,2013,10708.0,9960.0,11500.0,Africa
BFA,2012,31360.0,27900.0,35200.0,Africa
SEN,2023,1605.0,690.0,2960.0,Africa
TGO,2019,3426.0,3020.0,3910.0,Africa
NGA,2012,172012.0,156000.0,190000.0,Africa
MRT,2018,884.0,250.0,2100.0,Africa
TGO,2018,3558.0,3170.0,4000.0,Africa
DZA,2017,0.0,,,Africa
GIN,2021,10381.0,8970.0,12300.0,Africa
ZWE,2016,1947.0,770.0,3590.0,Africa
ZWE,2012,1516.0,620.0,2760.0,Africa
GHA,2010,16891.0,16200.0,17600.0,Africa
TCD,2016,13116.0,11300.0,15100.0,Africa
STP,2023,0.0,,,Africa
SSD,2020,7136.0,4000.0,13300.0,Africa
TCD,2017,13345.0,11300.0,15700.0,Africa
ZWE,2022,936.0,340.0,1780.0,Africa
KEN,2024,11656.0,11300.0,12100.0,Africa
TCD,2022,13796.0,10500.0,18700.0,Africa
MOZ,2016,20963.0,17100.0,26700.0,Africa
GNB,2013,859.0,770.0,970.0,Africa
SWZ,2010,8.0,,,Africa
NGA,2022,187692.0,141000.0,261000.0,Africa
NAM,2022,28.0,,,Africa
MDG,2022,9121.0,3510.0,17000.0,Africa
MRT,2015,751.0,720.0,780.0,Africa
ZAF,2014,174.0,,,Africa
TZA,2023,25540.0,24000.0,27500.0,Africa
CIV,2019,11329.0,10200.0,12600.0,Africa
COD,2010,85123.0,72200.0,99700.0,Africa
TCD,2013,12385.0,11100.0,13700.0,Africa
NAM,2012,4.0,,,Africa
BDI,2021,7226.0,5370.0,10600.0,Africa
MYT,2022,0.0,0.0,0.0,Africa
NER,2015,32906.0,29800.0,36500.0,Africa
KEN,2023,11478.0,11100.0,11900.0,Africa
SWZ,2021,5.0,,,Africa
BFA,2022,16436.0,11800.0,23700.0,Africa
GNB,2016,855.0,750.0,1000.0,Africa
SSD,2011,6837.0,5290.0,8760.0,Africa
COG,2018,2233.0,1940.0,2700.0,Africa
CPV,2012,0.0,,,Africa
MLI,2024,14239.0,11200.0,18400.0,Africa
GMB,2021,619.0,580.0,660.0,Africa
GNB,2012,861.0,780.0,970.0,Africa
GMB,2013,676.0,640.0,720.0,Africa
NER,2024,35478.0,28500.0,44500.0,Africa
COD,2023,67464.0,43100.0,110000.0,Africa
GHA,2012,16573.0,15900.0,17300.0,Africa
TCD,2019,13294.0,10800.0,16400.0,Africa
CMR,2021,12961.0,10700.0,16000.0,Africa
MLI,2010,19905.0,18600.0,21400.0,Africa
COD,2011,78483.0,65300.0,93200.0,Africa
GIN,2013,13268.0,12200.0,14400.0,Africa
BWA,2018,9.0,,,Africa
BEN,2023,9928.0,7840.0,12700.0,Africa
MLI,2019,13982.0,12100.0,16400.0,Africa
TCD,2018,13611.0,11300.0,16400.0,Africa
GAB,2018,417.0,360.0,490.0,Africa
GAB,2019,420.0,360.0,510.0,Africa
NGA,2010,199233.0,184000.0,216000.0,Africa
TGO,2015,5151.0,4660.0,5700.0,Africa
ETH,2014,22273.0,4860.0,54600.0,Africa
MDG,2016,4088.0,1750.0,7280.0,Africa
GAB,2021,428.0,370.0,520.0,Africa
DZA,2021,0.0,,,Africa
BDI,2023,6302.0,5110.0,8340.0,Africa
STP,2016,1.0,,,Africa
STP,2010,14.0,,,Africa
BEN,2011,8511.0,7930.0,9150.0,Africa
SWZ,2013,4.0,,,Africa
GNQ,2017,778.0,660.0,960.0,Africa
MOZ,2011,23455.0,21200.0,26000.0,Africa
SLE,2016,9480.0,8550.0,10500.0,Africa
ZWE,2024,381.0,140.0,730.0,Africa
ZAF,2013,105.0,,,Africa
CMR,2023,11602.0,9710.0,14300.0,Africa
SSD,2013,6830.0,5030.0,9230.0,Africa
COD,2022,70024.0,44700.0,114000.0,Africa
ETH,2010,18909.0,4780.0,58100.0,Africa
STP,2013,11.0,,,Africa
GHA,2016,12293.0,11800.0,12900.0,Africa
MYT,2013,1.0,1.0,1.0,Africa
COG,2010,1854.0,1760.0,1950.0,Africa
TZA,2014,22996.0,22200.0,23900.0,Africa
NGA,2023,184689.0,135000.0,264000.0,Africa
GHA,2019,11116.0,10600.0,11700.0,Africa
SSD,2018,7642.0,4440.0,13000.0,Africa
CMR,2010,12439.0,11600.0,13300.0,Africa
SSD,2014,6984.0,4930.0,9780.0,Africa
MRT,2024,920.0,300.0,1990.0,Africa
TZA,2011,21003.0,20300.0,21700.0,Africa
DZA,2018,0.0,,,Africa
BWA,2011,8.0,,,Africa
UGA,2020,18514.0,14200.0,25300.0,Africa
BFA,2017,17134.0,13900.0,21400.0,Africa
NER,2020,35694.0,29700.0,43100.0,Africa
AGO,2018,14399.0,10300.0,21100.0,Africa
BWA,2019,7.0,,,Africa
TGO,2020,3577.0,3050.0,4250.0,Africa
MRT,2017,784.0,210.0,1880.0,Africa
MRT,2020,754.0,190.0,1880.0,Africa
GHA,2017,11522.0,11100.0,12100.0,Africa
SLE,2015,10553.0,9600.0,11600.0,Africa
ERI,2021,211.0,83.0,390.0,Africa
KEN,2014,10393.0,10200.0,10600.0,Africa
ETH,2021,8041.0,2890.0,15600.0,Africa
BDI,2013,5113.0,4660.0,5660.0,Africa
GMB,2017,594.0,570.0,620.0,Africa
TGO,2014,5123.0,4680.0,5620.0,Africa
MWI,2016,7092.0,6530.0,7740.0,Africa
ZMB,2024,8682.0,7740.0,10200.0,Africa
GAB,2013,398.0,360.0,450.0,Africa
TZA,2024,26062.0,24500.0,28000.0,Africa
NGA,2024,184933.0,135000.0,264000.0,Africa
GNB,2015,838.0,740.0,960.0,Africa
COD,2012,64511.0,53000.0,77700.0,Africa
CPV,2013,0.0,,,Africa
NER,2017,31978.0,28700.0,35900.0,Africa
GNB,2021,1027.0,820.0,1360.0,Africa
KEN,2021,11669.0,11100.0,12400.0,Africa
ZMB,2012,6979.0,6730.0,7270.0,Africa
TGO,2010,4043.0,3790.0,4320.0,Africa
STP,2017,1.0,,,Africa
DZA,2024,0.0,,,Africa
SSD,2019,7896.0,4430.0,14200.0,Africa
ETH,2018,6500.0,2330.0,12800.0,Africa
ZAF,2015,110.0,,,Africa
GNB,2022,1024.0,810.0,1380.0,Africa
KEN,2012,10203.0,9960.0,10500.0,Africa
ZMB,2016,7930.0,7490.0,8420.0,Africa
MDG,2021,12640.0,4840.0,23700.0,Africa
GIN,2017,11460.0,10400.0,12800.0,Africa
DZA,2020,0.0,,,Africa
ERI,2013,88.0,35.0,160.0,Africa
CMR,2019,11458.0,10200.0,12900.0,Africa
SLE,2023,6635.0,5310.0,8350.0,Africa
BWA,2023,4.0,,,Africa
KEN,2010,9664.0,9440.0,9890.0,Africa
LBR,2020,4628.0,3370.0,6590.0,Africa
AGO,2024,16385.0,11400.0,25500.0,Africa
SWZ,2012,3.0,,,Africa
SWZ,2018,2.0,,,Africa
GIN,2014,12703.0,11700.0,13900.0,Africa
GNB,2018,842.0,730.0,1000.0,Africa
CIV,2014,9562.0,8890.0,10300.0,Africa
COM,2010,92.0,42.0,140.0,Africa
ZMB,2022,8834.0,7570.0,10900.0,Africa
CPV,2010,1.0,,,Africa
CMR,2016,12120.0,11200.0,13100.0,Africa
CAF,2023,5052.0,3900.0,6560.0,Africa
GAB,2022,430.0,370.0,530.0,Africa
MOZ,2017,19817.0,15900.0,25900.0,Africa
GMB,2016,615.0,590.0,650.0,Africa
DZA,2012,0.0,,,Africa
MRT,2023,551.0,170.0,1260.0,Africa
RWA,2012,2955.0,2860.0,3060.0,Africa
MYT,2023,0.0,0.0,0.0,Africa
MWI,2020,7423.0,6280.0,9340.0,Africa
GAB,2011,392.0,360.0,430.0,Africa
MRT,2016,988.0,300.0,2290.0,Africa
CIV,2024,10817.0,9260.0,12800.0,Africa
NER,2019,32319.0,28300.0,37000.0,Africa
GMB,2020,610.0,580.0,650.0,Africa
RWA,2024,3410.0,3190.0,3840.0,Africa
MLI,2015,18935.0,17100.0,21000.0,Africa
GIN,2020,11118.0,9260.0,13600.0,Africa
COM,2021,26.0,12.0,41.0,Africa
AGO,2017,13849.0,9970.0,19900.0,Africa
GNB,2014,851.0,750.0,970.0,Africa
GNB,2017,855.0,740.0,1000.0,Africa
CIV,2016,9766.0,9000.0,10600.0,Africa
CMR,2022,12779.0,10400.0,16200.0,Africa
ETH,2023,18567.0,6760.0,36000.0,Africa
TZA,2015,23244.0,22400.0,24200.0,Africa
LBR,2012,2952.0,2760.0,3180.0,Africa
CAF,2016,4839.0,4200.0,5580.0,Africa
TCD,2023,13707.0,10400.0,18900.0,Africa
LBR,2014,3295.0,3030.0,3600.0,Africa
MDG,2024,20903.0,8080.0,38900.0,Africa
GAB,2014,392.0,360.0,440.0,Africa
KEN,2022,11811.0,11200.0,12600.0,Africa
CAF,2018,4035.0,3440.0,4740.0,Africa
ZMB,2014,8037.0,7660.0,8460.0,Africa
TZA,2022,25499.0,23800.0,27700.0,Africa
CPV,2023,0.0,,,Africa
CAF,2021,5107.0,4120.0,6380.0,Africa
SLE,2012,12766.0,11800.0,13800.0,Africa
SLE,2018,8620.0,7600.0,9770.0,Africa
CMR,2013,12222.0,11400.0,13100.0,Africa
TZA,2012,20796.0,20200.0,21500.0,Africa
ETH,2017,12046.0,3490.0,28000.0,Africa
SLE,2010,14295.0,13300.0,15300.0,Africa
BDI,2012,5030.0,4640.0,5490.0,Africa
DZA,2015,0.0,,,Africa
ERI,2012,85.0,35.0,160.0,Africa
MWI,2023,7376.0,6360.0,9200.0,Africa
STP,2021,1.0,,,Africa
CPV,2018,0.0,,,Africa
NER,2022,34802.0,28700.0,42700.0,Africa
LBR,2016,3984.0,3570.0,4490.0,Africa
NGA,2019,181560.0,146000.0,231000.0,Africa
BDI,2015,5437.0,4830.0,6240.0,Africa
RWA,2018,3143.0,2980.0,3380.0,Africa
RWA,2011,2977.0,2890.0,3080.0,Africa
TGO,2012,4402.0,4090.0,4750.0,Africa
LBR,2010,2750.0,2580.0,2940.0,Africa
NAM,2011,36.0,,,Africa
MOZ,2013,23764.0,20700.0,27700.0,Africa
ZMB,2019,8084.0,7430.0,8940.0,Africa
MYT,2016,18.0,18.0,18.0,Africa
UGA,2017,15802.0,14400.0,17500.0,Africa
BDI,2014,5249.0,4730.0,5900.0,Africa
MWI,2021,7456.0,6310.0,9400.0,Africa
GNB,2024,897.0,770.0,1120.0,Africa
BEN,2019,10732.0,9430.0,12200.0,Africa
UGA,2011,23537.0,22200.0,25000.0,Africa
GNQ,2012,653.0,580.0,740.0,Africa
GNQ,2011,614.0,550.0,690.0,Africa
AGO,2014,11615.0,8890.0,15500.0,Africa
LBR,2019,4407.0,3740.0,5340.0,Africa
GIN,2011,14505.0,13500.0,15600.0,Africa
ZMB,2020,8556.0,7400.0,10300.0,Africa
NAM,2014,61.0,,,Africa
COM,2015,4.0,2.0,7.0,Africa
COM,2012,125.0,58.0,190.0,Africa
GHA,2020,11311.0,10700.0,12200.0,Africa
NAM,2019,6.0,,,Africa
GMB,2018,600.0,570.0,630.0,Africa
CMR,2014,12229.0,11400.0,13100.0,Africa
NER,2010,26267.0,24300.0,28500.0,Africa
CAF,2024,5062.0,3920.0,6580.0,Africa
NGA,2011,183768.0,168000.0,201000.0,Africa
NAM,2015,32.0,,,Africa
CAF,2017,4978.0,4280.0,5800.0,Africa
NAM,2021,14.0,,,Africa
MLI,2011,22149.0,20600.0,23900.0,Africa
STP,2019,0.0,,,Africa
BDI,2018,6418.0,5370.0,7970.0,Africa
GMB,2024,643.0,600.0,700.0,Africa
GMB,2014,619.0,590.0,650.0,Africa
STP,2012,7.0,,,Africa
SEN,2014,1363.0,570.0,2400.0,Africa
BWA,2024,1.0,,,Africa
DZA,2022,0.0,,,Africa
NAM,2013,21.0,,,Africa
CAF,2020,4053.0,3350.0,4930.0,Africa
BEN,2015,10069.0,9230.0,11000.0,Africa
ZMB,2013,7459.0,7160.0,7810.0,Africa
BWA,2017,17.0,,,Africa
COG,2016,2071.0,1840.0,2400.0,Africa
GIN,2012,14478.0,13400.0,15600.0,Africa
MRT,2010,642.0,620.0,660.0,Africa
COG,2014,2030.0,1840.0,2270.0,Africa
TZA,2010,21418.0,20700.0,22200.0,Africa
ZWE,2020,2951.0,1110.0,5640.0,Africa
BDI,2017,5911.0,5060.0,7140.0,Africa
ERI,2022,316.0,120.0,590.0,Africa
BFA,2013,26341.0,23000.0,30100.0,Africa
SSD,2016,7391.0,4790.0,11300.0,Africa
GNB,2023,885.0,750.0,1100.0,Africa
SLE,2017,8961.0,8010.0,10000.0,Africa
ZAF,2010,83.0,,,Africa
GIN,2016,11417.0,10400.0,12600.0,Africa
GNQ,2020,790.0,660.0,1030.0,Africa
MYT,2021,0.0,0.0,0.0,Africa
LBR,2024,3563.0,2870.0,4710.0,Africa
MRT,2021,318.0,97.0,710.0,Africa
COM,2014,5.0,2.0,8.0,Africa
BWA,2014,22.0,,,Africa
NGA,2020,200257.0,154000.0,269000.0,Africa
ZAF,2022,29.0,,,Africa
NER,2016,35085.0,31600.0,39100.0,Africa
GNB,2020,954.0,770.0,1260.0,Africa
GIN,2024,10245.0,8480.0,12600.0,Africa
GAB,2010,363.0,340.0,400.0,Africa
SWZ,2016,3.0,,,Africa
ERI,2010,161.0,65.0,300.0,Africa
STP,2024,1.0,,,Africa
ZWE,2021,876.0,330.0,1680.0,Africa
SEN,2010,1953.0,800.0,3480.0,Africa
MLI,2023,14203.0,11200.0,18300.0,Africa
MLI,2018,16287.0,14300.0,18800.0,Africa
CMR,2020,13523.0,11300.0,16500.0,Africa
BWA,2021,5.0,,,Africa
ETH,2011,16648.0,5400.0,44300.0,Africa
TCD,2024,13862.0,10500.0,19100.0,Africa
BEN,2024,9946.0,7860.0,12700.0,Africa
SSD,2023,6671.0,3650.0,13700.0,Africa
COD,2024,67676.0,43400.0,110000.0,Africa
DZA,2013,0.0,,,Africa
MLI,2012,23378.0,21600.0,25300.0,Africa
BWA,2022,6.0,,,Africa
CMR,2018,11779.0,10700.0,13000.0,Africa
TGO,2024,3486.0,2900.0,4290.0,Africa
ZAF,2020,38.0,,,Africa
COM,2019,45.0,21.0,69.0,Africa
NAM,2020,35.0,,,Africa
UGA,2010,25736.0,24300.0,27200.0,Africa
MRT,2011,662.0,640.0,680.0,Africa
GNQ,2022,800.0,660.0,1070.0,Africa
AGO,2020,17198.0,11600.0,27000.0,Africa
DZA,2010,1.0,,,Africa
TGO,2013,4930.0,4550.0,5360.0,Africa
GIN,2015,12092.0,11100.0,13200.0,Africa
ZWE,2018,1624.0,620.0,3050.0,Africa
MYT,2017,9.0,9.0,9.0,Africa
MWI,2012,9345.0,8870.0,9870.0,Africa
MDG,2023,15974.0,6120.0,29900.0,Africa
GMB,2023,632.0,590.0,690.0,Africa
MDG,2015,6724.0,2830.0,12000.0,Africa
MLI,2022,14277.0,11500.0,17900.0,Africa
MOZ,2021,21201.0,13400.0,35300.0,Africa
RWA,2019,3139.0,2970.0,3400.0,Africa
GNB,2019,846.0,730.0,1010.0,Africa
GMB,2019,598.0,570.0,630.0,Africa
COD,2018,77570.0,55300.0,109000.0,Africa
SWZ,2022,4.0,,,Africa
KEN,2011,10091.0,9850.0,10300.0,Africa
SSD,2015,7388.0,4990.0,10800.0,Africa
TCD,2010,13325.0,12200.0,14500.0,Africa
GNQ,2024,769.0,650.0,980.0,Africa
GHA,2021,11373.0,10700.0,12300.0,Africa
ZWE,2023,1627.0,610.0,3130.0,Africa
NER,2018,32934.0,29200.0,37300.0,Africa
TGO,2022,3527.0,2930.0,4350.0,Africa
UGA,2018,15254.0,13800.0,17100.0,Africa
DZA,2011,0.0,,,Africa
TCD,2020,14082.0,10800.0,18600.0,Africa
COD,2019,75254.0,52400.0,109000.0,Africa
ZMB,2018,8046.0,7470.0,8770.0,Africa
TZA,2017,23157.0,22300.0,24100.0,Africa
NGA,2016,171827.0,148000.0,203000.0,Africa
GIN,2018,11592.0,10400.0,13100.0,Africa
BFA,2010,37944.0,34500.0,41700.0,Africa
GAB,2016,397.0,350.0,460.0,Africa
STP,2022,0.0,,,Africa
CPV,2015,0.0,,,Africa
COG,2020,2238.0,1940.0,2790.0,Africa
MDG,2020,10281.0,4090.0,18800.0,Africa
RWA,2015,2996.0,2890.0,3120.0,Africa
COG,2019,2230.0,1940.0,2720.0,Africa
AGO,2023,16169.0,11200.0,25300.0,Africa
ZWE,2013,2211.0,920.0,3940.0,Africa
STP,2018,0.0,,,Africa
BDI,2024,6389.0,5200.0,8440.0,Africa
ZMB,2010,6353.0,6150.0,6590.0,Africa
CAF,2013,4177.0,3710.0,4720.0,Africa
BFA,2019,16283.0,12600.0,21500.0,Africa
NAM,2017,57.0,,,Africa
GHA,2018,11103.0,10700.0,11600.0,Africa
STP,2020,0.0,,,Africa
KEN,2019,10883.0,10600.0,11200.0,Africa
AGO,2021,20493.0,13100.0,33800.0,Africa
ETH,2016,15473.0,3880.0,39100.0,Africa
CIV,2012,15435.0,14300.0,16600.0,Africa
COG,2012,1914.0,1780.0,2060.0,Africa
SEN,2021,1845.0,800.0,3140.0,Africa
TZA,2016,23354.0,22500.0,24300.0,Africa
NGA,2014,165886.0,148000.0,188000.0,Africa
TCD,2011,12758.0,11600.0,13900.0,Africa
SLE,2011,14007.0,13000.0,15000.0,Africa
BDI,2010,4701.0,4400.0,5050.0,Africa
MWI,2010,11179.0,10600.0,11900.0,Africa
TGO,2011,4021.0,3760.0,4310.0,Africa
GMB,2022,626.0,590.0,680.0,Africa
BDI,2020,7289.0,5450.0,10500.0,Africa
ZAF,2011,54.0,,,Africa
COD,2020,75025.0,50200.0,115000.0,Africa
AGO,2012,11144.0,8880.0,14300.0,Africa
UGA,2012,22473.0,21200.0,23900.0,Africa
GNQ,2015,781.0,660.0,940.0,Africa
GHA,2014,14384.0,13800.0,15000.0,Africa
BEN,2012,8246.0,7660.0,8890.0,Africa
TZA,2021,25155.0,23600.0,27100.0,Africa
AGO,2013,11219.0,8780.0,14700.0,Africa
MOZ,2012,23302.0,20800.0,26300.0,Africa
TZA,2020,24568.0,23100.0,26300.0,Africa
CIV,2011,26496.0,24600.0,28600.0,Africa
LBR,2023,3541.0,2840.0,4700.0,Africa
ERI,2011,141.0,57.0,260.0,Africa
SSD,2010,6835.0,5410.0,8540.0,Africa
MYT,2015,1.0,1.0,1.0,Africa
BFA,2020,18937.0,12900.0,28600.0,Africa
MWI,2017,7024.0,6380.0,7840.0,Africa
TZA,2018,23280.0,22400.0,24300.0,Africa
MWI,2011,10264.0,9740.0,10800.0,Africa
CAF,2019,4001.0,3370.0,4750.0,Africa
BWA,2013,7.0,,,Africa
SSD,2017,7823.0,4740.0,12700.0,Africa
MWI,2019,6892.0,6140.0,7960.0,Africa
TCD,2015,12898.0,11300.0,14600.0,Africa
NAM,2010,63.0,,,Africa
MOZ,2018,18980.0,14900.0,25500.0,Africa
MYT,2014,1.0,1.0,1.0,Africa
MDG,2013,3795.0,1550.0,7460.0,Africa
NGA,2021,190761.0,146000.0,258000.0,Africa
MDG,2011,2091.0,800.0,4020.0,Africa
GAB,2015,392.0,350.0,450.0,Africa
GAB,2023,433.0,370.0,540.0,Africa
SEN,2018,2682.0,1120.0,4840.0,Africa
TZA,2019,23560.0,22600.0,24700.0,Africa
SLE,2013,11459.0,10600.0,12400.0,Africa
GHA,2011,17163.0,16500.0,17900.0,Africa
BFA,2023,16146.0,11300.0,24100.0,Africa
CIV,2023,10771.0,9210.0,12700.0,Africa
MYT,2018,3.0,3.0,3.0,Africa
COM,2017,9.0,4.0,15.0,Africa
GNQ,2014,778.0,660.0,930.0,Africa
GHA,2015,13260.0,12700.0,13900.0,Africa
MDG,2019,5004.0,2020.0,8970.0,Africa
GAB,2024,439.0,380.0,550.0,Africa
MWI,2018,6921.0,6220.0,7860.0,Africa
COG,2021,2219.0,1940.0,2770.0,Africa
MOZ,2015,21866.0,18200.0,27000.0,Africa
COM,2023,53.0,25.0,82.0,Africa
BFA,2016,18145.0,15000.0,22100.0,Africa
SWZ,2023,7.0,,,Africa
GMB,2015,664.0,630.0,700.0,Africa
ZMB,2011,6666.0,6440.0,6920.0,Africa
MOZ,2010,23849.0,21900.0,26100.0,Africa
BDI,2011,4751.0,4430.0,5130.0,Africa
KEN,2015,10423.0,10200.0,10700.0,Africa
ERI,2016,198.0,71.0,390.0,Africa
LBR,2015,3423.0,3120.0,3780.0,Africa
NAM,2018,58.0,,,Africa
MOZ,2023,17875.0,12400.0,27300.0,Africa
RWA,2010,3002.0,2920.0,3100.0,Africa
COD,2017,68597.0,50200.0,93500.0,Africa
BEN,2022,10942.0,8230.0,14500.0,Africa
GMB,2012,692.0,660.0,730.0,Africa
GNB,2011,868.0,790.0,970.0,Africa
COD,2014,60156.0,47600.0,75700.0,Africa
AGO,2015,12090.0,9130.0,16500.0,Africa
LBR,2017,4383.0,3850.0,5060.0,Africa
CAF,2010,5592.0,5020.0,6220.0,Africa
ETH,2024,22360.0,8410.0,43400.0,Africa
DZA,2016,0.0,,,Africa
GMB,2010,563.0,540.0,590.0,Africa
GAB,2017,406.0,360.0,470.0,Africa
BFA,2021,16733.0,12300.0,23500.0,Africa
KEN,2017,10664.0,10400.0,10900.0,Africa
GIN,2023,10188.0,8410.0,12600.0,Africa
ZWE,2015,2731.0,1100.0,4980.0,Africa
TCD,2012,12498.0,11300.0,13700.0,Africa
CIV,2018,11026.0,10000.0,12100.0,Africa
GHA,2013,15618.0,15000.0,16300.0,Africa
ERI,2018,196.0,80.0,360.0,Africa
NAM,2024,32.0,,,Africa
AGO,2022,20286.0,13000.0,33700.0,Africa
BFA,2024,16184.0,11300.0,24100.0,Africa
CAF,2012,6239.0,5550.0,7020.0,Africa
CAF,2015,4335.0,3790.0,4960.0,Africa
SSD,2021,6738.0,3760.0,13000.0,Africa
MYT,2010,237.0,237.0,237.0,Africa
CAF,2011,5569.0,4980.0,6220.0,Africa
SWZ,2019,3.0,,,Africa
MWI,2013,8372.0,7950.0,8850.0,Africa
MWI,2015,7341.0,6850.0,7880.0,Africa
MLI,2013,23614.0,21700.0,25700.0,Africa
COM,2011,62.0,29.0,96.0,Africa
NER,2014,30698.0,27900.0,33900.0,Africa
CPV,2011,1.0,,,Africa
CIV,2015,9667.0,8950.0,10500.0,Africa
GIN,2019,10898.0,9710.0,12400.0,Africa
COD,2013,57471.0,46300.0,70600.0,Africa
ZWE,2017,3424.0,1330.0,6480.0,Africa
MDG,2012,4105.0,1580.0,8100.0,Africa
GMB,2011,665.0,630.0,700.0,Africa
MOZ,2022,21094.0,13100.0,36000.0,Africa
MOZ,2024,17946.0,12500.0,27400.0,Africa
SEN,2012,1807.0,750.0,3260.0,Africa
CPV,2024,2.0,,,Africa
COG,2024,2283.0,2010.0,2850.0,Africa
CMR,2017,11922.0,10900.0,13000.0,Africa
GIN,2022,10283.0,8680.0,12400.0,Africa
GNQ,2013,720.0,620.0,840.0,Africa
TGO,2021,3546.0,2980.0,4300.0,Africa
BEN,2014,8848.0,8150.0,9620.0,Africa
CAF,2014,5838.0,5140.0,6650.0,Africa
RWA,2021,3263.0,3050.0,3640.0,Africa
GNQ,2019,739.0,630.0,920.0,Africa
LBR,2011,3029.0,2840.0,3250.0,Africa
BEN,2018,10715.0,9600.0,12000.0,Africa
ERI,2019,438.0,180.0,810.0,Africa
CIV,2020,11551.0,10000.0,13300.0,Africa
MRT,2012,669.0,650.0,690.0,Africa
ZMB,2017,7892.0,7400.0,8470.0,Africa
MYT,2012,29.0,29.0,29.0,Africa
LBR,2022,3846.0,2920.0,5380.0,Africa
ERI,2017,221.0,90.0,400.0,Africa
SSD,2012,6641.0,5010.0,8710.0,Africa
CPV,2014,1.0,,,Africa
UGA,2015,15762.0,14700.0,17000.0,Africa
RWA,2017,3107.0,2960.0,3300.0,Africa
UGA,2013,18788.0,17700.0,20000.0,Africa
MLI,2017,16903.0,15000.0,19200.0,Africa
MYT,2019,4.0,4.0,4.0,Africa
MUS,2021,0.0,,,Africa
CMR,2015,12214.0,11300.0,13200.0,Africa
CIV,2022,11144.0,9450.0,13300.0,Africa
SLE,2020,9392.0,6480.0,13100.0,Africa
COM,2016,3.0,1.0,5.0,Africa
CIV,2010,32193.0,29900.0,34600.0,Africa
ZAF,2024,10.0,,,Africa
SWZ,2017,20.0,,,Africa
TGO,2023,3456.0,2870.0,4260.0,Africa
UGA,2014,17748.0,16600.0,19100.0,Africa
