country_code,country_name,region,year,internet_users_pct,mobile_subscriptions_per100,fixed_broadband_per100,hightech_exports_pct,rnd_expenditure_pct,internet_mobile_ratio,norm_internet,norm_broadband,norm_mobile,digital_readiness_score
AGO,Angola,Southern Africa,2015,22.0,49.3097223014385,0.545394210158053,12.6044858942473,,0.4462,22.34406290023412,1.40016024332785,18.9155863583505,14.22
AGO,Angola,Southern Africa,2016,23.20000076,44.5502272379157,0.290319010302891,12.9883050935056,0.03229,0.5208,23.62597664154677,0.7436944075057259,16.26881436737283,13.55
AGO,Angola,Southern Africa,2017,26.0,44.0682088632918,0.32055404693903,19.3839506955365,,0.59,26.61710599834899,0.8215078076627222,16.000762249225065,14.48
AGO,Angola,Southern Africa,2018,29.0,42.4588784507729,0.350066962955579,23.3127754550372,,0.683,29.821888321935138,0.8974627460156204,15.105807930913235,15.28
AGO,Angola,Southern Africa,2019,32.12939835,45.8065312825399,0.367770426844486,27.4965016903098,,0.7014,33.16490182711503,0.9430246792234636,16.96744947741792,17.03
AGO,Angola,Southern Africa,2020,33.32089996,43.7804317055698,0.363264238710965,23.3946213847164,,0.7611,34.43773625986584,0.9314274774526785,15.84072835686128,17.07
AGO,Angola,Southern Africa,2021,34.55649948,44.3868689341257,0.39092529517689,16.1269540436105,,0.7785,35.75767876010835,1.0026164388371537,16.1779702384906,17.65
AGO,Angola,Southern Africa,2022,35.83800125,66.6008073123779,0.386698155907211,22.0635039995781,,0.5381,37.12665683348846,0.9917374019281087,28.531219716460193,22.22
AGO,Angola,Southern Africa,2023,37.88589859,70.0519587723571,0.373668982990052,23.4714139423334,,0.5408,39.314345232072164,0.9582053027903232,30.45041721514059,23.57
AGO,Angola,Southern Africa,2024,40.70479965,69.7039467163584,0.362845240712436,16.6897206933082,,0.584,42.32566666174758,0.9303491371378682,30.25688648340407,24.5
BEN,Benin,West Africa,2015,11.25500011,82.0193349324746,0.644882115781616,1.62543807696831,,0.1372,10.865600995431745,1.6562039949605045,37.10551730524308,16.54
BEN,Benin,West Africa,2016,14.5,76.0182091705462,0.190616354708843,1.24487830227425,,0.1907,14.332107091268748,0.4870979717275829,33.768270103803566,16.2
BEN,Benin,West Africa,2017,18.7,72.867145412956,0.237670455772448,4.67071840547035,,0.2566,18.818802344289356,0.6081971997243381,32.015952434794045,17.15
BEN,Benin,West Africa,2018,19.0,76.4080341122638,0.218309314921079,2.84228678612343,,0.2487,19.13928057664797,0.5583690411315747,33.985053128757265,17.89
BEN,Benin,West Africa,2019,20.50099945,81.3235345537806,0.199854558369357,1.48291431982405,,0.2521,20.742739411672147,0.5108735684572452,36.71858026064914,19.32
BEN,Benin,West Africa,2020,22.12059975,85.2390738023357,0.229384945213792,1.84364942977986,,0.2595,22.47289488257709,0.5868734700274109,38.8960254463951,20.65
BEN,Benin,West Africa,2021,28.20470047,94.9182598289459,0.154166533404575,2.69844689930495,,0.2971,28.972301030035013,0.3932900969453214,44.27865493308952,24.55
BEN,Benin,West Africa,2022,30.53730011,105.745019386968,0.153072411564925,4.28715620621521,,0.2888,31.464125728126817,0.3904742465280134,50.299454107952535,27.38
BEN,Benin,West Africa,2023,32.39400101,116.036046685168,0.170880461346773,4.41801513975982,,0.2792,33.44756646962898,0.4363053437536196,56.02233068366682,29.97
BEN,Benin,West Africa,2024,33.98379898,125.940873932186,0.277382047807868,30.5389584270212,,0.2698,35.145885280405366,0.7103996226653453,61.5304400488388,32.46
BFA,Burkina Faso,West Africa,2014,,,,,0.19719,,,,,
BFA,Burkina Faso,West Africa,2015,6.545700073,76.9373292602998,0.049814972578599,4.96027740230027,,0.0851,5.834840490418012,0.12472916026521541,34.27939602733885,13.41
BFA,Burkina Faso,West Africa,2016,7.140999794,79.6697942824089,0.0640501279140636,5.94496725526008,,0.0896,6.470775831450201,0.16136499609190413,35.79892946320117,14.14
BFA,Burkina Faso,West Africa,2017,7.790400028,90.2081424191231,0.062133040708376,5.75853107563762,0.61361,0.0864,7.16450462840217,0.15643114813043937,41.65934202948332,16.33
BFA,Burkina Faso,West Africa,2018,8.498900414,94.6219614871852,0.0676084024258783,5.88092859304184,,0.0898,7.921367799504425,0.17052263138067142,44.11388238022865,17.4
BFA,Burkina Faso,West Africa,2019,9.27180600953186,97.1498646690919,0.0573181352576325,25.7871512116805,0.17435,0.0954,8.747032529624867,0.1440394262659789,45.51965825529001,18.14
BFA,Burkina Faso,West Africa,2020,12.97319984,102.972844247019,0.0650831126106853,3.40123479951733,0.25116,0.126,12.701086369796577,0.16402350292692489,48.75783773550676,20.54
BFA,Burkina Faso,West Africa,2021,18.1522007,112.198419449151,0.0740660150924452,2.25653916783306,0.25057,0.1618,18.23360983978507,0.18714205223765987,53.88821264287936,24.1
BFA,Burkina Faso,West Africa,2022,25.3987999,113.996146792235,0.214398323020291,1.5289989764953,,0.2228,25.974867513876248,0.5483036464224763,54.8879351587312,27.14
BFA,Burkina Faso,West Africa,2023,25.36120033,116.16313821519,0.459463342299517,3.79784659837351,0.09845,0.2183,25.9347013681061,1.1790071127071322,56.09300673174822,27.74
BFA,Burkina Faso,West Africa,2024,28.25270081,116.5895933212,0.851360416490348,1.64548901950889,0.10477,0.2423,29.023577910421057,2.1876000316228534,56.330159920255,29.18
BWA,Botswana,Southern Africa,2015,38.89379883,157.734742812171,1.67228482353299,0.697217599549073,,0.2466,40.39104552310225,4.300344929292384,79.21112266605647,41.3
BWA,Botswana,Southern Africa,2016,41.16859818,147.172960511479,2.64263621946898,0.424915581396886,,0.2797,42.82112443863066,6.797657645448209,73.33767827853686,40.99
BWA,Botswana,Southern Africa,2017,43.57640076,142.962095019868,1.43086105330679,0.957704009113018,,0.3048,45.393285487653706,3.679012642975003,70.99600112744825,40.02
BWA,Botswana,Southern Africa,2018,46.12509918,147.06483856362,1.74169396309317,0.61107528423043,,0.3136,48.115960035843024,4.478977461349365,73.27755128199966,41.96
BWA,Botswana,Southern Africa,2019,48.82279968,160.661520194607,2.10301262862428,0.36524715857455,,0.3039,50.997807661419536,5.408873272077726,80.83871389081233,45.75
BWA,Botswana,Southern Africa,2020,51.67819977,161.858815314634,3.58604400704343,0.405712803492277,,0.3193,54.0481195731523,9.225627836759731,81.50453392977171,48.26
BWA,Botswana,Southern Africa,2021,54.70069885,173.25235140068,5.5483769953124,0.330785941453264,,0.3157,57.27693678136544,14.275921107280698,87.84051953081979,53.13
BWA,Botswana,Southern Africa,2022,57.9,178.205018910673,4.53192190474005,0.502381294093243,,0.3249,60.694624705815045,11.659955145136507,90.59471540057497,54.32
BWA,Botswana,Southern Africa,2023,,179.027305378019,6.16495796381324,0.539469030954736,,,,15.862764285562058,91.05199180516912,53.46
BWA,Botswana,Southern Africa,2024,57.45950036,163.999922257361,7.4409622000215,,,0.3504,60.22405621920902,19.14671030583634,82.69521105204257,54.02
CIV,Cote d'Ivoire,West Africa,2015,38.4400001654616,100.638777689061,0.434546121572781,7.2097220855326,,0.382,39.906270210242354,1.114879733251861,47.459855090661165,29.49
CIV,Cote d'Ivoire,West Africa,2016,41.2078149304414,105.624772864173,0.524752298099937,8.59367223098391,0.06975,0.3901,42.8630181548317,1.3470358703590455,50.23258459253157,31.48
CIV,Cote d'Ivoire,West Africa,2017,43.8399208514876,118.755063895419,0.534257331996876,7.01554066796367,,0.3692,45.67479366469013,1.3714981858848776,57.53438574392607,34.86
CIV,Cote d'Ivoire,West Africa,2018,37.5465361301281,123.098008449044,0.640536308885034,6.55999280073843,,0.305,38.95181762784345,1.6450195530457037,59.949512527227256,33.52
CIV,Cote d'Ivoire,West Africa,2019,36.2889545655205,132.574011521792,0.768711846259475,11.2315188507649,,0.2737,37.60839257160269,1.9748942775278981,65.21915125667765,34.93
CIV,Cote d'Ivoire,West Africa,2020,36.01660156,138.663750301785,0.903911262107671,5.11294024947147,,0.2597,37.31744853898014,2.3228457740977158,68.6056764699901,36.08
CIV,Cote d'Ivoire,West Africa,2021,35.95069885,150.343798608733,1.13037781443128,3.86336645370502,,0.2391,37.247047258952,2.9056839121891094,75.10099252757509,38.42
CIV,Cote d'Ivoire,West Africa,2022,38.41328122,161.231833444196,1.25179133069312,3.55657032872416,,0.2382,39.87772740886896,3.218155785104194,81.15586710033334,41.42
CIV,Cote d'Ivoire,West Africa,2023,40.65284979,171.988943341282,1.36336622359986,4.41310726011773,,0.2364,42.27017066406732,3.5053068110384182,87.13793385310402,44.3
CIV,Cote d'Ivoire,West Africa,2024,41.43219902,183.875985110648,1.60153227430253,5.25759412069948,,0.2253,43.10271887613549,4.118254975453308,93.74835970518009,46.99
CMR,Cameroon,West Africa,2015,18.29999924,79.7800672605612,0.0898239605008282,4.85732535277837,,0.2294,18.39149722259968,0.22769696627566688,35.86025265527087,18.16
CMR,Cameroon,West Africa,2016,20.60000038,79.8046154795305,1.55529332300567,5.61841773540935,,0.2581,20.848498221833015,3.9992536306425706,35.873904006418236,20.24
CMR,Cameroon,West Africa,2017,23.2029719748646,83.4502920413828,1.58466709279995,6.01740401782352,,0.278,23.62915067383932,4.074850459931337,37.90127760031633,21.87
CMR,Cameroon,West Africa,2018,29.70000076,74.3995446655806,1.59560948486525,7.02536411453841,,0.3992,30.56967167598343,4.103011984678233,32.86812506376193,22.51
CMR,Cameroon,West Africa,2019,36.53919983,83.9044001051513,1.57189487453881,5.11907584621214,,0.4355,37.87571977165771,4.041979663629451,38.15380869616118,26.69
CMR,Cameroon,West Africa,2020,37.69749832,85.2721639882676,2.75682417749367,3.08382242415572,,0.4421,39.11308461372055,7.0915336998355585,38.91442701549684,28.37
CMR,Cameroon,West Africa,2021,38.89260101,80.8081013360278,2.23385126289217,2.15123166966613,,0.4813,40.3897659389813,5.745601787634184,36.43194603038736,27.52
CMR,Cameroon,West Africa,2022,40.12559891,89.8274190453067,2.12862474053,3.28864706003967,,0.4467,41.70692923062758,5.474789035189567,41.447620418539586,29.54
CMR,Cameroon,West Africa,2023,42.24380112,96.4817325902196,,2.10363029161033,,0.4378,43.96972156409062,,45.1481076498096,44.56
CMR,Cameroon,West Africa,2024,46.25880051,108.213130152497,,,,0.4275,48.25878792218434,,51.671979209385775,49.97
COM,Comoros,East Africa,2015,7.459199905,58.4555555249752,0.220178840263004,3.22701996783337,,0.1276,6.810696528482185,0.5631804830783979,24.00161647018613,10.46
COM,Comoros,East Africa,2016,7.938300133,61.2597928387402,0.220292527984836,0.230530375770608,,0.1296,7.322500509122349,0.563473071716484,25.56106273057032,11.15
COM,Comoros,East Africa,2017,8.478199959,61.9708221164076,0.217268052477371,27.3981291524228,,0.1368,7.899254315413027,0.5556892305470603,25.956468619593814,11.47
COM,Comoros,East Africa,2018,,64.6590805998004,0.198421441439106,0.172607880378736,,,,0.5071852745581038,27.45141864336499,13.98
COM,Comoros,East Africa,2019,16.38380051,73.1291747290161,0.162475940084772,3.03044600733887,,0.224,16.34449728313894,0.41467532610362007,32.16166786160017,16.31
COM,Comoros,East Africa,2020,22.42040062,97.4339379901591,0.148099575772006,0.574929085819981,,0.2301,22.793160392167675,0.37767607247166296,45.677632431027085,22.95
COM,Comoros,East Africa,2021,30.68120003,104.311430086999,0.150456993255713,0.206883909574449,,0.2941,31.617848368120637,0.38374316186217267,49.502230042146955,27.17
COM,Comoros,East Africa,2022,31.37409973,100.549036907747,0.219375008990779,0.307330846524193,,0.312,32.35804593831336,0.561111729360746,47.40994992566776,26.78
COM,Comoros,East Africa,2023,31.92749977,109.855630436495,0.387941019794517,3.13907204820087,,0.2906,32.94922149366798,0.9949360573875841,52.585379410213186,28.84
COM,Comoros,East Africa,2024,32.51750183,,,,,,33.57949755125711,,,33.58
CPV,Cabo Verde,West Africa,2015,42.6830141582781,119.335511344785,3.23344925974933,,,0.3577,44.43891562454469,8.31818404912242,57.857174617685146,36.87
CPV,Cabo Verde,West Africa,2016,50.3228178676892,117.442454843782,3.0320707671777,,,0.4285,52.60021825240756,7.799912964682617,56.80443922090035,39.07
CPV,Cabo Verde,West Africa,2017,57.1621463484891,119.373631537182,2.9232218025982,,,0.4789,59.90640459256318,7.519777433860223,57.87837339112234,41.77
CPV,Cabo Verde,West Africa,2018,59.5,118.876152819844,3.04957977464624,9.64098963151736e-05,,0.5005,62.40384194506099,7.844974441567778,57.60172372186453,42.62
CPV,Cabo Verde,West Africa,2019,61.9433977593088,115.867801067488,3.93928076809362,1.3232793350624,,0.5346,65.01402792790194,10.134723921826348,55.92876870229341,43.69
CPV,Cabo Verde,West Africa,2020,69.37339783,105.838590655535,4.82611491823059,0.760204522523159,,0.6555,72.95120555816695,12.417095245796075,50.35148942041698,45.24
CPV,Cabo Verde,West Africa,2021,70.28250122,114.230551109167,5.90962142576488,2.03802142478556,,0.6153,73.92236504969503,15.20562586535883,55.018288226092224,48.05
CPV,Cabo Verde,West Africa,2022,73.32740021,113.247367438782,6.56769429388869,3.47654000154602,,0.6475,77.17511120311413,16.899253296210833,54.47153631942348,49.52
CPV,Cabo Verde,West Africa,2023,74.59919739,113.022968194497,7.23008973237277,1.15215005835922,,0.66,78.53372224366439,18.604005367035935,54.346747108248096,50.49
CPV,Cabo Verde,West Africa,2024,74.73519897,111.84067886381,8.30537440200276,,,0.6682,78.67900739685231,21.371376125918758,53.689271841664265,51.25
DJI,Djibouti,East Africa,2015,22.89999962,30.8091732634986,2.36839087613311,,,0.7433,23.305497191370872,6.0918552050873505,8.627365789195231,12.67
DJI,Djibouti,East Africa,2016,30.79999924,33.271816300825,2.33941404303751,,,0.9257,31.744756904208636,6.017279938780072,9.996850267690998,15.92
DJI,Djibouti,East Africa,2017,55.6814092453962,35.3657091447905,2.31210201347881,,,1.5744,58.32459122793975,5.946989238929865,11.161271463122272,25.14
DJI,Djibouti,East Africa,2018,57.06169891,36.8545231657962,2.3797395608845,,,1.5483,59.799100534123376,6.121062371542707,11.989206191067149,25.97
DJI,Djibouti,East Africa,2019,58.4762001,38.0143821719119,2.24265621024535,,,1.5383,61.31015667092456,5.76826234862505,12.63420787504789,26.57
DJI,Djibouti,East Africa,2020,59.92570114,39.2725038635961,2.26685414608193,,,1.5259,62.858601774595144,5.830538564357315,13.333853785033659,27.34
DJI,Djibouti,East Africa,2021,61.41120148,43.6423520933817,1.39112845686235,2.62827621175548,,1.4071,64.44550351836622,3.576756162732733,15.763941797533704,27.93
DJI,Djibouti,East Africa,2022,63.77600098,46.7770531248021,1.41245769926198,3.02417742085029,,1.3634,66.97172606384134,3.631649460659291,17.507160096810882,29.37
DJI,Djibouti,East Africa,2023,64.75869751,48.4504884885996,1.47205761945073,3.27550022198031,,1.3366,68.02150222010583,3.785036820323641,18.437763404619005,30.08
DJI,Djibouti,East Africa,2024,65.29889679,,,,,,68.5985759213585,,,68.6
DZA,Algeria,North Africa,2015,38.20000076,108.016371207167,5.67060147059702,0.233281066486999,,0.3537,39.649888259477514,14.59048007801246,51.562560865943205,35.27
DZA,Algeria,North Africa,2016,42.94549942,115.154200093555,7.00004046440209,0.489614088330072,,0.3729,44.719318333534105,18.011946691537915,55.53193268390656,39.42
DZA,Algeria,North Africa,2017,47.69110107,109.96986300969,7.70045809597326,0.960396672710236,0.47865,0.4337,49.78885842776786,19.814553319681323,52.64890454705113,40.75
DZA,Algeria,North Africa,2018,49.0384680793271,110.938066513767,7.21566750856693,,,0.442,51.22819775272607,18.566888088639246,53.18732593040281,40.99
DZA,Algeria,North Africa,2019,55.79069901,104.922068012909,8.27526635803041,,,0.5317,58.44134119652345,21.29388955622284,49.84180794639023,43.19
DZA,Algeria,North Africa,2020,63.47269821,103.436671524065,8.6064465013707,,,0.6136,66.64771961184444,22.14622035799825,49.0157737201337,45.94
DZA,Algeria,North Africa,2021,72.21240234,105.037092587919,9.33184191925225,,,0.6875,75.98400271491008,24.01311023820435,49.9057735182308,49.97
DZA,Algeria,North Africa,2022,74.78150177,107.787115922596,10.3517244580598,,,0.6938,78.72847086184316,26.63789713892562,51.43507119363814,52.27
DZA,Algeria,North Africa,2023,76.19760132,111.60623555659,12.0086836084024,,0.37787,0.6827,80.24123446393592,30.90227515047051,53.558897091666566,54.9
DZA,Algeria,North Africa,2024,77.4178009,115.457278573892,13.3173088877016,,0.44395,0.6705,81.54472581234634,34.270175237350415,55.700475695742426,57.17
EGY,"Egypt, Arab Rep.",North Africa,2015,37.8193834276939,94.3962460363651,3.84187963570353,0.795057681508592,0.71858,0.4006,39.24328969326915,9.884050724977776,43.988361221957014,31.04
EGY,"Egypt, Arab Rep.",North Africa,2016,41.2480670885772,96.2091951594197,4.39685382563749,0.504375385317036,0.70848,0.4287,42.9060179564583,11.312341659030064,44.996548623335855,33.07
EGY,"Egypt, Arab Rep.",North Africa,2017,44.9502042452857,99.2884367821237,5.04732016956055,0.565232575837901,0.64486,0.4527,46.86086586289526,12.98639281092597,46.70892574982733,35.52
EGY,"Egypt, Arab Rep.",North Africa,2018,46.92433676792,88.7420881346276,6.26825297386708,0.862813543464706,0.68839,0.5288,48.96975420054691,16.128606065357793,40.844064071282546,35.31
EGY,"Egypt, Arab Rep.",North Africa,2019,57.2828663990195,88.6447815879102,7.04130696004296,2.34526584104617,0.79617,0.6462,60.03536508724392,18.11815084061911,40.7899515574648,39.65
EGY,"Egypt, Arab Rep.",North Africa,2020,71.91420096,87.2316871725819,8.5396308016812,2.55490106145901,0.91564,0.8244,75.66544587774574,21.97426234652707,40.00412476929085,45.88
EGY,"Egypt, Arab Rep.",North Africa,2021,72.05599976,84.0866220906029,9.76582299335252,3.17081927055814,0.91175,0.8569,75.81692397366099,25.130011248972888,38.25514298494531,46.4
EGY,"Egypt, Arab Rep.",North Africa,2022,72.19806556,90.6794715776528,10.6832498285136,3.40204987508041,1.01968,0.7962,75.96868729520303,27.49111642302212,41.921449836861555,48.46
EGY,"Egypt, Arab Rep.",North Africa,2023,74.01190186,92.8261626420085,10.8642477216638,3.16286878393567,1.03356,0.7973,77.90633746590932,27.95693565310155,43.115232308864634,49.66
EGY,"Egypt, Arab Rep.",North Africa,2024,74.64839935,97.1295066037455,11.6871225241757,3.81290087814207,1.01757,0.7685,78.58628276756231,30.07470012144137,45.50833706335049,51.39
ERI,Eritrea,East Africa,2015,1.083699942,15.2952170085389,0.016100228430041,,,0.0709,0.0,0.03796032617401557,0.0,0.01
ERI,Eritrea,East Africa,2016,1.177099943,16.1935649461164,0.0192018556673317,,,0.0727,0.09977555740924293,0.04594272633637107,0.49957445644933235,0.22
ERI,Eritrea,East Africa,2017,2.496099949,22.0610618449333,0.031742535028681,,,0.1131,1.5088115254221848,0.07821763022118644,3.762510175820002,1.78
ERI,Eritrea,East Africa,2018,5.293000221,,,,,,4.496630376268483,,,4.5
ERI,Eritrea,East Africa,2019,11.22379971,40.4605403256719,0.0925870488001644,,,0.2774,10.83227083196214,0.23480809691833232,13.994525051652229,8.35
ERI,Eritrea,East Africa,2020,14.34939957,54.7205015934574,0.151916994984612,,,0.2622,14.171226559272586,0.38750064693248787,21.92453980579408,12.16
ERI,Eritrea,East Africa,2021,,53.7582573847458,0.149245578525113,,,,,0.38062544448274055,21.389432407612794,10.89
ERI,Eritrea,East Africa,2022,,59.1248082166991,0.165393390775689,,,,,0.42218372640035673,24.373790252425568,12.4
ETH,Ethiopia,East Africa,2013,,,,,0.60474,,,,,
ETH,Ethiopia,East Africa,2015,13.8551755555556,40.7363012371526,0.460203316477344,6.19452786285451,,0.3401,13.643266430811524,1.1809115227297837,14.147876667101404,9.66
ETH,Ethiopia,East Africa,2016,15.3669238595896,47.9993274246983,0.523809621083991,6.82740269371127,,0.3201,15.258207844971356,1.3446097808939204,18.186871145794008,11.6
ETH,Ethiopia,East Africa,2017,15.62440014,36.1094836260863,0.0574013129864174,5.83937193918337,0.27437,0.4327,15.533259655705342,0.14425349387145203,11.574887075371818,9.08
ETH,Ethiopia,East Africa,2018,15.88619995,,,13.6451525613537,,,15.812930123507412,,,15.81
ETH,Ethiopia,East Africa,2019,15.98460007,36.2199307720652,0.137379985514274,9.42339221070521,,0.4413,15.918047111912333,0.3500879542139549,11.636307122784157,9.3
ETH,Ethiopia,East Africa,2020,16.06959915,37.4208472347226,0.178274598062049,13.1014525306681,,0.4294,16.008848294947363,0.45533501869549137,12.30414100315233,9.59
ETH,Ethiopia,East Africa,2021,16.6981031,52.8088633217211,0.399382380284272,8.54658883162268,,0.3162,16.680254411368722,1.0243817356860392,20.86147102076888,12.86
ETH,Ethiopia,East Africa,2022,17.9836998,56.9642988837987,0.45157652011053,3.21026574936058,,0.3157,18.053606937842282,1.158709454121689,23.172323392549448,14.13
ETH,Ethiopia,East Africa,2023,20.33749962,59.8748744402242,0.534823180349513,3.75062055802087,,0.3397,20.56807895664104,1.3729544627474397,24.790904724719024,15.58
ETH,Ethiopia,East Africa,2024,21.94129944,65.0825091944922,0.593917449513598,,,0.3371,22.281355394543255,1.5250404704076375,27.686888778253575,17.16
GHA,Ghana,West Africa,2015,23.0,121.997156544235,0.254850246382187,7.58597579597383,,0.1885,23.41232367476284,0.6524113985499208,59.33732490039394,27.8
GHA,Ghana,West Africa,2016,28.0,130.481366086196,0.294978237026438,2.29813974435795,,0.2146,28.753627547406424,0.7556854719725766,64.05542374944012,31.19
GHA,Ghana,West Africa,2017,37.88420105,122.471765695646,0.189313949042323,4.42717231922926,,0.3093,39.31253181667698,0.48374607854103624,59.6012567233816,33.13
GHA,Ghana,West Africa,2018,43.0,133.609992432498,0.199976597372149,8.30535420920506,,0.3218,44.77753916533717,0.5111876500928422,65.79526389489828,37.03
GHA,Ghana,West Africa,2019,22.0732,130.70523333401,0.187204014722826,1.14325401056793,,0.1689,22.422259588929624,0.4783159159953836,64.17991711550168,29.03
GHA,Ghana,West Africa,2020,62.51760101,126.887391353856,0.245771040587956,,,0.4927,65.62742673722222,0.6290450014101939,62.05680172527981,42.77
GHA,Ghana,West Africa,2021,68.6,124.402625384529,0.352237707175248,0.726084593720307,,0.5514,72.12501499327232,0.9030494099458268,60.67501460627365,44.57
GHA,Ghana,West Africa,2022,69.91329956,120.803416027053,0.62494509663475,1.95740716852014,,0.5787,73.52796139842614,1.604893746275094,58.67348158861332,44.6
GHA,Ghana,West Africa,2023,70.67430115,98.8059221412722,0.555476730525596,2.11003762211445,,0.7153,74.34090954637713,1.4261087877729037,46.44059765628013,40.74
GHA,Ghana,West Africa,2024,72.17569733,113.647966704673,0.664728986034211,,,0.6351,75.94479219249838,1.707282234931388,54.69431098404971,44.12
GIN,Guinea,West Africa,2015,9.199999809,91.475617974568,0.0084982922681687,0.959602493970672,,0.1006,8.67032478222874,0.018395855072145976,42.364189656096336,17.02
GIN,Guinea,West Africa,2016,13.10000038,92.0232948978011,0.0091112173166139,0.899971742078623,,0.1424,12.836542412867638,0.01997328931292033,42.66875472469528,18.51
GIN,Guinea,West Africa,2017,18.70000076,94.4640894763856,0.0090992332341783,,,0.198,18.818803156167547,0.019942446876269827,44.026089198227865,20.95
GIN,Guinea,West Africa,2018,21.8300230430563,94.5550074326391,0.0095475921098635,,,0.2309,22.16248318455741,0.0210963508396582,44.076648994356866,22.09
GIN,Guinea,West Africa,2019,23.89049911,98.7621473298315,0.0095900477093365,,,0.2419,24.363608943728572,0.021205615286414285,46.41625432924959,23.6
GIN,Guinea,West Africa,2020,26.14550018,107.776552007403,0.0074787698291168,,,0.2426,26.772538133329853,0.015771994930228416,51.42919656314168,26.07
GIN,Guinea,West Africa,2021,28.61330032,110.185519681138,0.0072936731105539,,,0.2597,29.408792222268332,0.015295626893946083,52.76883198263788,27.4
GIN,Guinea,West Africa,2022,31.31399918,95.3174629318803,0.0062752856838037,,,0.3285,32.29384287822075,0.01267468783882852,44.50065318657149,25.6
GIN,Guinea,West Africa,2023,32.31560135,97.8794996455513,,,,0.3302,33.3638151881146,,45.92541083903174,39.64
GIN,Guinea,West Africa,2024,33.30469894,,,,,,34.42042934569248,,,34.42
GMB,"Gambia, The",West Africa,2015,17.59950066,122.078516396055,0.160618270204614,1.06493506493507,,0.1442,17.643182066972614,0.4098943955731256,59.382569400937214,25.81
GMB,"Gambia, The",West Africa,2016,19.90640068,124.273821038818,0.164202246374305,0.0,,0.1602,20.10755286909813,0.41911817708202476,60.60338605534671,27.04
GMB,"Gambia, The",West Africa,2017,22.5156002,126.633674737607,0.17078041097452,0.360381487082307,,0.1778,22.894858369233283,0.43604785242838423,61.915709020156484,28.42
GMB,"Gambia, The",West Africa,2018,28.30900002,132.57837035012,0.184736659621142,1.74152996206824,0.06933,0.2135,29.083720148101012,0.4719658892973091,65.22157521648391,31.59
GMB,"Gambia, The",West Africa,2019,31.11829948,105.204644657943,0.203513124968455,0.0409548386308044,,0.2958,32.08478456512372,0.5202893171531259,49.99894981530665,27.53
GMB,"Gambia, The",West Africa,2020,36.01100159,106.448259811355,0.198749231337348,0.886698821678881,,0.3383,37.3114663106906,0.5080288801679226,50.69052858819648,29.5
GMB,"Gambia, The",West Africa,2021,41.67309952,108.847403542688,0.194098625393535,0.0007359778735612,,0.3829,43.36006343084984,0.4960600022851724,52.02470087867509,31.96
GMB,"Gambia, The",West Africa,2022,48.22539902,106.782250509204,0.215818879031432,3.21248823002167,,0.4516,50.35962796966397,0.5519596133283744,50.87626199321434,33.93
GMB,"Gambia, The",West Africa,2023,48.72829819,117.115660832998,0.502141524068284,2.3423098344067,,0.4161,50.89685542651801,1.2888444010131328,56.62270791894116,36.27
GMB,"Gambia, The",West Africa,2024,49.49430084,126.243773523653,0.518552979215852,3.34757896376015,,0.3921,51.715146010698064,1.3310811987364042,61.69888357994313,38.25
KEN,Kenya,East Africa,2015,16.5878548475992,80.0958263165851,0.286921276745847,4.3660951885799,,0.2071,16.562480527868605,0.7349499431254479,36.03584737996904,17.78
KEN,Kenya,East Africa,2016,16.6,80.9772361004341,0.275660288360412,7.58623435569943,,0.205,16.575454717779053,0.7059684735163859,36.52600246939117,17.94
KEN,Kenya,East Africa,2017,17.82710075,87.026530838819,0.586008315906052,3.34859041785183,,0.2048,17.88631831539882,1.5046853907791404,39.890036608524184,19.76
KEN,Kenya,East Africa,2018,19.5,98.5944679106884,0.739931101786048,3.61296275113367,,0.1978,19.673410963912332,1.900823668205395,46.32300721287946,22.63
KEN,Kenya,East Africa,2019,22.6687733618171,106.547822056778,0.959288829892146,4.59327769222193,,0.2128,23.058487249713032,2.465366416410548,50.74589550401998,25.42
KEN,Kenya,East Africa,2020,24.7227993,117.602526394779,1.29112489733773,5.11178261072947,,0.2102,25.252722589338365,3.31938531552456,56.89345557496242,28.49
KEN,Kenya,East Africa,2021,26.96290016,122.297519656734,1.48254108303764,3.12736061396888,,0.2205,27.645734469064415,3.8120172389993865,59.50435788659833,30.32
KEN,Kenya,East Africa,2022,29.40589905,121.168999135357,1.47646942688922,2.26073811025712,0.40651,0.2427,30.25549435546861,3.7963911223461,58.876783644507746,30.98
KEN,Kenya,East Africa,2023,32.07040024,120.612416887959,2.38882511128724,3.04169416728318,0.80427,0.2659,33.101876460430695,6.144445097273885,58.56726629373272,32.6
KEN,Kenya,East Africa,2024,34.97622513,126.477706000949,3.04382666975517,3.15003013612034,0.81069,0.2765,36.206055208066914,7.830168153802314,61.82897425561846,35.29
LBR,Liberia,West Africa,2015,10.0,78.3786689834016,0.150232936167528,,,0.1276,9.524933605889522,0.38316652476162055,35.080930130783365,15.0
LBR,Liberia,West Africa,2016,15.69999981,65.5437117609357,0.168222443902021,,,0.2395,15.614019817733658,0.4294646252341802,27.943365152057424,14.66
LBR,Liberia,West Africa,2017,16.29999924,54.8575199657656,0.185608150260109,56.8580874479744,,0.2971,16.254975673542248,0.47420877230218555,22.000736205881584,12.91
LBR,Liberia,West Africa,2018,17.27770042,,,16.8436031156564,,,17.299415493346686,,,17.3
LBR,Liberia,West Africa,2019,19.89579964,38.4041861157665,0.21809295161251,5.50358385939843,,0.5181,20.096228193896916,0.5578122048719867,12.850979223015912,11.17
LBR,Liberia,West Africa,2020,22.91069984,32.1004345501657,0.252453508259017,0.0150390753332307,,0.7137,23.3169278166757,0.6462431128986033,9.345440744830261,11.1
LBR,Liberia,West Africa,2021,26.38229942,31.429900768597,0.247180102838331,7.93496540512927,,0.8394,27.02550147286007,0.6326713877795589,8.97255454400988,12.21
LBR,Liberia,West Africa,2022,30.38010025,32.0638885570006,0.274673226516174,10.2679978403201,,0.9475,31.296195283927414,0.7034281545086822,9.325117389137935,13.77
LBR,Liberia,West Africa,2023,31.22410011,,,0.643718596498284,,,32.19780722807314,,,32.2
LBR,Liberia,West Africa,2024,32.23360062,,,,,,33.276217024772876,,,33.28
LBY,Libya,North Africa,2015,25.0,149.224588127748,0.933889931732646,,,0.1675,25.548845223820273,2.399999383791521,74.47859563178186,34.14
LBY,Libya,North Africa,2016,35.0,115.499434118109,2.54699624223062,,,0.303,36.23145296910744,6.551516987197468,55.723918542558906,32.84
LBY,Libya,North Africa,2017,47.5,89.333810176041,4.71896206577758,,,0.5317,49.5847126507164,12.141324857744898,41.17312278544327,34.3
LBY,Libya,North Africa,2018,47.5,,,,,,49.5847126507164,,,49.58
LBY,Libya,North Africa,2019,71.40409851,164.00440049702,4.5748595928116,0.604680774692483,,0.4354,75.12052343941974,11.770460303239549,82.69770141691112,56.53
LBY,Libya,North Africa,2020,74.35810089,164.987107188677,4.71229521564357,,,0.4507,78.27616830983823,12.12416693981321,83.244188074027,57.88
LBY,Libya,North Africa,2021,77.438797,195.117849246865,4.65300430613124,,,0.3969,81.56715512239441,11.971574855236712,100.0,64.51
LBY,Libya,North Africa,2022,80.64720154,192.97309381967,4.51840823499527,,,0.4179,84.99456784129626,11.625176136792819,98.80729394264873,65.14
LBY,Libya,North Africa,2023,82.10469818,,,,,,86.55155433081568,,,86.55
LBY,Libya,North Africa,2024,81.95449829,,,,,,86.39110167999014,,,86.39
MAR,Morocco,North Africa,2015,57.0799993486116,124.480492544005,3.31584217888863,3.70391708770955,,0.4585,59.81865017484882,8.530231855256917,60.71831680828613,43.02
MAR,Morocco,North Africa,2016,58.271236420398,118.531797132419,3.58453478764246,3.74498746856588,,0.4916,61.09120201180268,9.221743684258588,57.41022630958741,42.57
MAR,Morocco,North Africa,2017,61.7622120123071,123.894319060738,3.89000663311516,3.86313761323613,,0.4985,64.82047430147635,10.007911177108657,60.3923436668797,45.07
MAR,Morocco,North Africa,2018,64.8038651924043,124.827523956634,4.33205746913484,4.01860219205577,,0.5191,68.06975308349472,11.145580663237869,60.911302200786146,46.71
MAR,Morocco,North Africa,2019,84.1203630467602,128.874798962456,4.83650253578356,4.85375388189337,,0.6527,88.70481004257125,12.443828993502569,63.162006105764014,54.77
MAR,Morocco,North Africa,2020,84.12036305,135.088404811169,5.74683480916137,4.38907114524744,,0.6227,88.7048100460322,14.786675483706835,66.61741423285554,56.7
MAR,Morocco,North Africa,2021,88.13031937,138.911268095998,6.14617858388986,4.30127636011555,,0.6344,92.98848909026172,15.814433356704127,68.7433219883167,59.18
MAR,Morocco,North Africa,2022,89.9,141.870002419562,6.47150166958379,4.49838208408388,,0.6337,94.878969490734,16.65169033615005,70.38868458074205,60.64
MAR,Morocco,North Africa,2023,91.0,148.155101338402,7.02184328513844,5.43070567261144,,0.6142,96.05405634271558,18.06805879865807,73.88385025627842,62.67
MAR,Morocco,North Africa,2024,91.2,153.057260079672,7.30282126551091,,,0.5959,96.26770849762131,18.791188467232523,76.60995802160852,63.89
MDG,Madagascar,East Africa,2015,4.173999786,42.0572239372609,0.0931855023903611,2.00561036576503,,0.0992,3.301246104877413,0.2363482871701181,14.882446439363234,6.14
MDG,Madagascar,East Africa,2016,4.713699818,30.6447038676546,0.101092139939568,1.54980929380356,0.01264,0.1538,3.877786479074906,0.2566969429007809,8.535903778103087,4.22
MDG,Madagascar,East Africa,2017,6.406000137,32.5906255978573,0.0935555068196559,1.28948585834724,0.01275,0.1966,5.68560452858504,0.23730053680894153,9.618037715294983,5.18
MDG,Madagascar,East Africa,2018,7.747799873,38.7515500132643,0.0989673512851062,1.04433298404265,,0.1999,7.118996553826827,0.2512285509881659,13.044149511524106,6.8
MDG,Madagascar,East Africa,2019,9.379400253,46.077978411707,0.106309263427764,0.963097896905451,,0.2036,8.861971239486977,0.2701238198892555,17.11840218330832,8.75
MDG,Madagascar,East Africa,2020,11.35470009,54.8084663590199,0.110521830202826,0.539322061058942,,0.2072,10.972106573287043,0.28096535278041007,21.97345732216428,11.08
MDG,Madagascar,East Africa,2021,13.74590015,53.9177233784298,0.104182794544746,0.405991436478599,,0.2549,13.526531801435759,0.26465110371209355,21.478112009117382,11.76
MDG,Madagascar,East Africa,2022,17.81170082,64.7494924066919,0.10748996107107,0.34862498459426,,0.2751,17.869867174249332,0.27316248325482845,27.50169696804865,15.21
MDG,Madagascar,East Africa,2023,18.24080086,75.4562966735535,0.124487385085979,0.478060054077076,,0.2417,18.32825791533004,0.3169073403366074,33.45578858242978,17.37
MDG,Madagascar,East Africa,2024,18.67790031,,,0.958835172179217,,,18.79519411233311,,,18.8
MLI,Mali,West Africa,2015,10.32999992,122.082978226993,0.018818888075322,,0.26458,0.0846,9.877459576023135,0.04495711448337953,59.385050640858175,23.1
MLI,Mali,West Africa,2016,14.0,105.348301513254,0.111738195386459,6.49934688425637,,0.1329,13.79797670400439,0.28409581072925016,50.07883789920513,21.39
MLI,Mali,West Africa,2017,18.89999962,111.210305187838,0.0777267019132024,1.24270276298759,0.24505,0.1699,19.032454093256003,0.19656325757175722,53.33871881720596,24.19
MLI,Mali,West Africa,2018,21.39999962,107.404034726492,0.591594866067607,5.5345284838785,,0.1992,21.703106029577796,1.5190630304840194,51.222038389404524,24.81
MLI,Mali,West Africa,2019,24.96030045,108.814511587375,0.676472661314418,5.479696587969,0.13306,0.2294,25.506435751788832,1.7375059556726529,52.00640954631965,26.42
MLI,Mali,West Africa,2020,29.11300087,116.587405376001,1.12281404354348,2.20544616042826,,0.2497,29.94260271884376,2.8862176638801946,56.328943196213224,29.72
MLI,Mali,West Africa,2021,33.95650101,108.693122357196,0.648338018002888,13.8853977586833,0.14596,0.3124,35.116723929830094,1.6650981631959703,51.938904567292255,29.57
MLI,Mali,West Africa,2022,35.19919968,112.119852778009,0.774220028570636,10.2578668284987,,0.3139,36.44425017355011,1.9890702284114423,53.844521439962335,30.76
MLI,Mali,West Africa,2023,36.03879929,,,5.3606547607953,0.14743,,37.341161503222715,,,37.34
MLI,Mali,West Africa,2024,36.80149841,,,,,,38.15592305588629,,,38.16
MOZ,Mozambique,East Africa,2015,6.5,75.8447213176406,0.160353647407002,11.6693867155464,0.30814,0.0857,5.786020895039013,0.4092133578787101,33.67179289693249,13.29
MOZ,Mozambique,East Africa,2016,7.0,54.9641156223382,0.170460624854022,1.62085804316688,,0.1274,6.320151282303371,0.43522484547593937,22.060014426451353,9.61
MOZ,Mozambique,East Africa,2017,7.7963266079129,42.1619694080105,0.218845913283962,10.7105159389031,,0.1849,7.170835761250231,0.5597500397272468,14.940695765071455,7.56
MOZ,Mozambique,East Africa,2018,10.89999962,48.5007087167822,0.241713568697421,4.2932104646686,,0.2247,10.486367897026271,0.6186026233293092,18.465691050631904,9.86
MOZ,Mozambique,East Africa,2019,12.47929955,49.4350694242276,0.234152423439938,1.08270235723456,,0.2524,12.173472063461222,0.5991431323868556,18.985292335417377,10.59
MOZ,Mozambique,East Africa,2020,14.28740025,50.2318825476662,0.227393157051228,0.844313381295891,,0.2844,14.104995117669134,0.5817473704236052,19.42840292362329,11.37
MOZ,Mozambique,East Africa,2021,16.35759926,43.1636190464176,0.206558007808804,1.59903962784626,,0.379,16.316507515520318,0.5281256789786,15.4977166616845,10.78
MOZ,Mozambique,East Africa,2022,18.96220016,45.8178199662019,0.197784521833894,3.17962418116621,,0.4139,19.098900490292507,0.5055460875214008,16.97372715421615,12.19
MOZ,Mozambique,East Africa,2023,19.94560051,47.5003032540948,0.149001818335337,2.74244557815277,,0.4199,20.14942850985532,0.3799980991476694,17.90936204452464,12.81
MOZ,Mozambique,East Africa,2024,20.52729988,49.5047696961223,0.141999688956087,3.6302648420799,,0.4147,20.77083512939439,0.3619773008964318,19.024052902442293,13.39
MUS,Mauritius,East Africa,2012,,,,,0.17773,,,,,
MUS,Mauritius,East Africa,2015,50.1393184766711,136.371902265385,15.2753864309067,0.114086427858643,,0.3677,52.404193050833015,39.30951662269307,67.33117169388242,53.01
MUS,Mauritius,East Africa,2016,52.19129944,140.423888162514,16.4576177636993,0.108502818582773,,0.3717,54.596243824036925,42.35212711739222,69.58449534213085,55.51
MUS,Mauritius,East Africa,2017,55.4032403002657,142.524532117413,19.0600896444054,2.3854111877829,0.35423,0.3887,58.0274342551648,49.04989263650735,70.75267085416257,59.28
MUS,Mauritius,East Africa,2018,58.596169704299,148.816797831837,21.3138552473439,2.59795907076769,0.33387,0.3937,61.43831549333293,54.850221798731994,74.25182200999961,63.51
MUS,Mauritius,East Africa,2019,61.7299551453346,145.117277088014,23.8830105654334,2.14379472409531,0.35699,0.4254,64.78601555578042,61.46224325046133,72.19450547660583,66.15
MUS,Mauritius,East Africa,2020,67.73290684,149.06995900167,25.1865809761826,2.30535803719693,0.40299,0.4544,71.19873338258216,64.8171340423979,74.39260582941199,70.14
MUS,Mauritius,East Africa,2021,71.59999847,154.053185977432,25.7028828022003,0.386204360949942,0.36784,0.4648,75.32979568241949,66.14589712852172,77.1637959258608,72.88
MUS,Mauritius,East Africa,2022,75.5,164.309278835228,26.1963906498554,2.0670796252868,0.30879,0.4595,79.49601433752048,67.41599724754404,82.86724533605694,76.59
MUS,Mauritius,East Africa,2023,79.5,165.257524411348,26.9082309192612,1.01453890078417,0.23892,0.4811,83.76905743563533,69.24800136904496,83.39456804528257,78.8
MUS,Mauritius,East Africa,2024,73.30793533,172.68356921857,27.9742504733832,1.21703538647261,0.26181,0.4245,77.15431763532924,71.99152727041363,87.52421775332375,78.89
MWI,Malawi,East Africa,2015,6.0,38.4341901744435,0.034268649944541,1.2871623503437,,0.1561,5.251890507774655,0.08471888216792371,12.867664585866812,6.07
MWI,Malawi,East Africa,2016,6.300000191,40.8844441758703,0.0495052352697577,2.37156083791477,,0.1541,5.572368944171077,0.12393201510390903,14.230259477804205,6.64
MWI,Malawi,East Africa,2017,7.0,43.0855088342582,0.0599566013099431,2.01243154383311,,0.1625,6.320151282303371,0.1508298269921251,15.45427929721756,7.31
MWI,Malawi,East Africa,2018,8.798299789,38.1955692011493,0.0613015454757565,2.14917014000118,,0.2303,8.241204407735339,0.15429119797780355,12.734966621031132,7.04
MWI,Malawi,East Africa,2019,11.05860043,46.7841008334388,0.0596980345376099,6.84439153559323,0.17752,0.2364,10.655794921157753,0.15016437518649317,17.51107935244015,9.44
MWI,Malawi,East Africa,2020,13.89949989,51.2170439392301,0.0627371263723842,2.79814154290263,,0.2714,13.690616378655566,0.1579858331823632,19.976254648014816,11.27
MWI,Malawi,East Africa,2021,15.30300045,59.5599408158462,0.0670814931398598,6.07356230862874,,0.2569,15.189920973932654,0.16916656875661001,24.61576902547033,13.32
MWI,Malawi,East Africa,2022,16.84830093,59.6495709408963,0.0724060330808983,2.30769539307614,,0.2825,16.840704861577052,0.18286989453954336,24.665612654125095,13.9
MWI,Malawi,East Africa,2023,17.98810346,61.0866071008045,0.079556560544817,5.31056594105904,,0.2945,18.058311195084645,0.2012726126040038,25.46475353089952,14.57
MWI,Malawi,East Africa,2024,18.96159935,69.260530662121,0.0863853749149284,1.64552794448662,,0.2738,19.098258668536566,0.21884736442501504,30.010301251768865,16.44
NAM,Namibia,Southern Africa,2015,25.68790054,107.392368276966,2.96542138735627,0.439319534089059,,0.2392,26.283702387479398,7.628382996828645,51.215550635676976,28.38
NAM,Namibia,Southern Africa,2016,31.0333004,109.049558197665,2.63785901436242,2.22542142743533,,0.2846,31.993983382088693,6.785362949825302,52.13711979528235,30.31
NAM,Namibia,Southern Africa,2017,36.83739853,106.914765245509,2.623967181163,0.181864832454908,,0.3445,38.19427374588316,6.74961069363757,50.94995390543671,31.96
NAM,Namibia,Southern Africa,2018,42.8207016,107.060260494691,2.43865058644091,0.219642433912158,,0.4,44.586001717681405,6.272676780364053,51.03086432665063,33.96
NAM,Namibia,Southern Africa,2019,49.77590179,106.53315947895,2.60177914003955,0.015870922203356,,0.4672,52.01596925965308,6.692507176832987,50.73774159277672,36.48
NAM,Namibia,Southern Africa,2020,57.8608017,106.206587456143,2.88695019939445,0.0232766057778038,,0.5448,60.652750699496835,7.426428224186846,50.556133739114465,39.55
NAM,Namibia,Southern Africa,2021,60.25999832,103.727351391971,3.1781346555903,0.0666275179134238,,0.5809,63.21571833902472,8.175825451057825,49.1774218198683,40.19
NAM,Namibia,Southern Africa,2022,62.99720001,100.557816104444,3.29190749644768,0.0563656557154242,0.64636,0.6265,66.13976353642543,8.468633152903033,47.41483206791411,40.67
NAM,Namibia,Southern Africa,2023,63.69549942,87.6760954339972,3.52006938690795,0.0809713952530879,,0.7265,66.88572940500497,9.055834441812367,40.25126177083708,38.73
NAM,Namibia,Southern Africa,2024,64.87460327,85.1648988113055,2.83462992194067,0.117288080576373,,0.7618,68.14531979705576,7.291775875825876,38.85477647227716,38.1
NER,Niger,West Africa,2015,2.476200104,44.9309205276883,0.136352479886906,15.8616238445724,,0.0551,1.4875533015894835,0.347443548403962,16.480519248473698,6.11
NER,Niger,West Africa,2016,4.322800159,36.120522177752,0.0372575269558715,6.84597615137191,,0.1197,3.4602037065885543,0.0924111064473783,11.581025652884724,5.04
NER,Niger,West Africa,2017,10.2243115586561,40.9549864276209,0.0403537206550309,18.3242722479887,,0.2496,9.764556845275228,0.10037952276437032,14.269488272796545,8.04
NER,Niger,West Africa,2018,10.74180031,,,8.5620541870854,,,10.317369779595763,,,10.32
NER,Niger,West Africa,2019,11.28549957,52.8112616845298,0.0479349681103909,5.6497007048141,,0.2137,10.898182372194052,0.11989074906227468,20.862804758785533,10.63
NER,Niger,West Africa,2020,11.85680008,60.0355524816093,0.0505953107507067,12.240926752223,,0.1975,11.508480297495305,0.12673745174422815,24.880258350224935,12.17
NER,Niger,West Africa,2021,12.45689964,61.5063092448251,,32.369958747641,,0.2025,12.149543118255247,,25.69815137342712,18.92
NER,Niger,West Africa,2022,13.08749962,63.3770548032743,,13.8708147800163,,0.2065,12.823188341307839,,26.7384795763698,19.78
NER,Niger,West Africa,2023,12.98079967,65.735032215569,0.107619048674827,8.96675024256666,,0.1975,12.709204970078664,0.27349470528873343,28.04975913164268,13.68
NER,Niger,West Africa,2024,15.55760002,60.5939862118112,0.111273829357144,8.61766309210248,,0.2568,15.461899707775531,0.28290071048534265,25.190805317117164,13.65
NGA,Nigeria,West Africa,2015,22.51420021,79.1045279367312,0.0082277471458061,11.9058756250214,,0.2846,22.89336281483155,0.017699575582880808,35.48458285474505,19.47
NGA,Nigeria,West Africa,2016,24.13750076,78.970142296733,0.0552235758942345,2.35102616010413,,0.3057,24.627471117667444,0.13864883296661903,35.40985052638045,20.06
NGA,Nigeria,West Africa,2017,25.87789917,72.3679681751497,0.0553465496536786,2.3303518190456,,0.3576,26.486670471122586,0.1389653203076992,31.73835821231335,19.45
NGA,Nigeria,West Africa,2018,27.74370003,84.2840110939485,0.0360912702919465,1.9287782652252,,0.3292,28.479832342942537,0.08940960862986654,38.36491170587249,22.31
NGA,Nigeria,West Africa,2019,29.74410057,88.1169010528984,0.0397927035008571,1.48240117353044,0.28444,0.3376,30.616781773170597,0.0989356795556445,40.49639533017514,23.74
NGA,Nigeria,West Africa,2020,31.88879967,95.4356648074949,0.0305206381229766,6.94412309573588,,0.3341,32.907879694867646,0.0750729357391389,44.56638566648422,25.85
NGA,Nigeria,West Africa,2021,35.50979996,89.2915858426408,0.0301639204550369,6.4879650491258,,0.3977,36.77605226923175,0.07415488113340098,41.1496416847194,26.0
NGA,Nigeria,West Africa,2022,39.14720154,99.5852151989567,0.0433814077089791,2.38488302901383,,0.3931,40.661745698354515,0.10817162922398113,46.87396527412908,29.21
NGA,Nigeria,West Africa,2023,40.06399918,98.4772822731425,0.051283785190682,3.53042370294988,,0.4068,41.64112465534702,0.12850932117307576,46.257839866540884,29.34
NGA,Nigeria,West Africa,2024,41.21139908,70.7619057835431,0.0787379280608494,2.71167186435579,,0.5824,42.866846961215195,0.1991657662382102,30.845221251956755,24.64
RWA,Rwanda,East Africa,2015,12.45600033,75.2543165296423,0.181485911280924,15.3250917465076,,0.1655,12.148582420658103,0.4635997085497478,33.34346671204168,15.32
RWA,Rwanda,East Africa,2016,14.63710022,74.8502057565523,0.182235644842436,13.5312841197923,0.64945,0.1956,14.478565878474006,0.46552923548682895,33.11873928587743,16.02
RWA,Rwanda,East Africa,2017,17.2,72.2764598764471,0.178494450936973,2.66118423802865,,0.238,17.21641118249628,0.455900835761897,31.687470124666344,16.45
RWA,Rwanda,East Africa,2018,19.16659927,77.679469147812,0.0600656822760033,2.58732381679454,,0.2467,19.31725204185409,0.1511105596058706,34.692102636220326,18.05
RWA,Rwanda,East Africa,2019,21.3579998,75.5985451901883,0.0695438976971303,10.7603832689793,0.75853,0.2825,21.658239269334533,0.17550385465009818,33.53489348422339,18.46
RWA,Rwanda,East Africa,2020,23.8,81.2378724761376,0.135352981978881,7.55938643936416,,0.293,24.26693229438581,0.34487122373278006,36.670943277152276,20.43
RWA,Rwanda,East Africa,2021,24.4416008,81.6381635400584,0.238872174708692,5.10240802707913,,0.2994,24.952329261932057,0.6112899638439099,36.89354654957589,20.82
RWA,Rwanda,East Africa,2022,28.01679993,80.5952224850433,0.349951615372613,4.78472979585672,,0.3476,28.771574253640253,0.8971658855309286,36.3135633505574,21.99
RWA,Rwanda,East Africa,2023,28.80579948,91.4622704078141,0.445556123195211,,0.78149,0.3149,29.61443152402606,1.1432152590951241,42.356767027149274,24.37
RWA,Rwanda,East Africa,2024,31.70330048,93.201462876722,0.595648307197658,,,0.3402,32.70971818648379,1.5294950349317495,43.3239380930265,25.85
SDN,Sudan,North Africa,2015,12.0,69.8036331859409,0.0701896299287803,0.691804670187664,,0.1719,11.661455154946955,0.17716572201081418,30.312322480720795,14.05
SDN,Sudan,North Africa,2016,14.0999999446534,67.3954575547604,0.0639264882225092,1.15970094833133,,0.2092,13.904802722332658,0.16104679489671486,28.973127518882592,14.35
SDN,Sudan,North Africa,2017,18.60000038,67.0598253428254,0.071519364027593,0.600626152786153,,0.2774,18.71197667277558,0.18058794811156376,28.78648126209209,15.89
SDN,Sudan,North Africa,2018,,68.0533719238149,0.070883060223742,2.20240348221045,,,,0.1789503459116281,29.33899601989671,14.76
SDN,Sudan,North Africa,2019,,72.4818502607404,0.0719282386176834,,,,,0.18164023465169987,31.801688441758426,15.99
SDN,Sudan,North Africa,2020,,75.2207425678785,0.0615141548276354,,,,,0.15483837299114875,33.32479611349361,16.74
SDN,Sudan,North Africa,2021,,71.767230205952,0.0632992450276202,,,,,0.15943251123279795,31.404285708913715,15.78
SDN,Sudan,North Africa,2022,,70.2084038614961,0.0604394040047428,,,,,0.15207237614923183,30.53741688097334,15.34
SEN,Senegal,West Africa,2015,21.70000076,102.508995376039,0.689431357378244,3.74965295934514,0.5772,0.2117,22.0235854797537,1.7708566743922103,48.49988974241696,24.1
SEN,Senegal,West Africa,2016,25.66480064,101.010767153806,0.654181134204409,2.71866597279454,,0.2541,26.25902567041386,1.6801361055879211,47.666719743966866,25.2
SEN,Senegal,West Africa,2017,29.64310074,101.831108002442,0.722423169961464,2.16301090357622,,0.2911,30.508887616547533,1.8557649596156596,48.12291418313443,26.83
SEN,Senegal,West Africa,2018,35.29999924,104.055698143919,0.815734181499159,2.80905964473892,,0.3392,36.55193038958786,2.095911752464526,49.36001660666512,29.34
SEN,Senegal,West Africa,2019,43.37969971,109.341890091569,0.929784903272944,0.93592502420732,,0.3967,45.18315747163009,2.3894346133222557,52.29968659250094,33.29
SEN,Senegal,West Africa,2020,53.30879974,113.638091206029,1.05641006886622,0.744159035096107,,0.4691,55.790025560051006,2.7153192748436625,54.68881918442412,37.73
SEN,Senegal,West Africa,2021,55.04040146,115.325093678501,1.20966034985347,1.87918674699481,,0.4773,57.63982775463346,3.1097267823371215,55.62696720921565,38.79
SEN,Senegal,West Africa,2022,56.82830048,118.150293497239,1.40365165848276,2.30068688755071,,0.481,59.5497701465178,3.6089860856087306,57.198070792547504,40.12
SEN,Senegal,West Africa,2023,59.18740082,123.911572643075,1.97393200956788,1.60473886534447,,0.4777,62.06990450291715,5.076669214115947,60.40193844486856,42.52
SEN,Senegal,West Africa,2024,60.11780167,123.894453697506,4.03828584004829,3.0439766592332,,0.4852,63.06381523556033,10.389525044586447,60.39241853886123,44.62
SLE,Sierra Leone,West Africa,2015,6.344399929,80.3818885694169,,0.0065370456029266,,0.0789,5.61979944267583,,36.194927607675126,20.91
SLE,Sierra Leone,West Africa,2016,7.680099964,87.1475941136892,,0.0012603767364703,,0.0881,7.046675396602964,,39.957360322654765,23.5
SLE,Sierra Leone,West Africa,2017,9.297100067,89.7781754066341,,0.0648798184326979,,0.1036,8.774053179046758,,41.420235857397515,25.1
SLE,Sierra Leone,West Africa,2018,14.42230034,84.1233437327877,,0.736114020377876,,0.1714,14.249103592296528,,38.275564019676985,26.26
SLE,Sierra Leone,West Africa,2019,15.71370029,87.0384355077496,0.002224524058551,,,0.1805,15.628655503109872,0.0022495794098332626,39.89665683690279,18.51
SLE,Sierra Leone,West Africa,2020,17.12080002,87.0034823125467,0.002274864841433,,,0.1968,17.131804950518827,0.0023791372975829816,39.877219241774846,19.0
SLE,Sierra Leone,West Africa,2021,18.65390015,101.636782141976,0.0022731197902009,,,0.1835,18.7695556828227,0.0023746462043042807,48.014848886765925,22.26
SLE,Sierra Leone,West Africa,2022,21.50880051,107.882000873042,,,,0.1994,21.819333752598613,,51.48783704922868,36.65
SLE,Sierra Leone,West Africa,2023,23.71360016,,,,,,24.174634734388253,,,24.17
SLE,Sierra Leone,West Africa,2024,25.10499954,,,,,,25.661012113745834,,,25.66
SOM,"Somalia, Fed. Rep.",East Africa,2015,1.75999999,42.2685278435236,0.593903235635527,,,0.0416,0.7224648130902883,1.5250038893313373,14.999953286878762,5.75
SOM,"Somalia, Fed. Rep.",East Africa,2016,1.879999995,46.366719307758,0.641171280544494,,,0.0405,0.8506561113750379,1.64665372681637,17.27897201395584,6.59
SOM,"Somalia, Fed. Rep.",East Africa,2017,,47.725260177752,0.656984899202092,,,,,1.6873519224674056,18.03446138316576,9.86
SOM,"Somalia, Fed. Rep.",East Africa,2018,,49.5262671956948,,,,,,,19.036007737773588,19.04
SOM,"Somalia, Fed. Rep.",East Africa,2019,2.731400013,51.3194116563494,0.611316681940227,,,0.0532,1.7601733540374815,1.5698194283937377,20.03318169654318,7.79
SOM,"Somalia, Fed. Rep.",East Africa,2020,15.02369976,53.1133178401473,0.714663593733325,,,0.2829,14.891555002506852,1.8357947833808737,21.030779252239267,12.59
SOM,"Somalia, Fed. Rep.",East Africa,2021,23.87479973,51.2059481348129,0.68899907598855,,,0.4663,24.34683791189015,1.7697441477178923,19.970084232044876,15.36
SOM,"Somalia, Fed. Rep.",East Africa,2022,27.6,49.6800986995936,0.668468085170923,,,0.5556,28.326323237594934,1.7169052435241372,19.12155397963647,16.39
SOM,"Somalia, Fed. Rep.",East Africa,2023,26.12010002,53.9579646939598,0.722963033976147,,,0.4841,26.7454041387351,1.8571543627478746,21.500490346609777,16.7
SOM,"Somalia, Fed. Rep.",East Africa,2024,27.94020081,,,,,,28.689746418380835,,,28.69
SSD,South Sudan,East Africa,2015,3.0,26.0993389998038,0.001350431476361,,,0.1149,2.0471081841885046,0.0,6.008210344149431,2.69
SSD,South Sudan,East Africa,2016,3.5,24.930513119821,0.0013850285066567,,,0.1404,2.581238571452863,8.903950059796652e-05,5.358222149986137,2.65
SSD,South Sudan,East Africa,2017,4.1,27.1848244017002,0.001949478485263,,,0.1508,3.2221950361700924,0.0015417174841728797,6.611852604517283,3.28
SSD,South Sudan,East Africa,2018,4.800000191,18.9297575209348,0.0019757033923913,,,0.2536,3.969977782378002,0.0016092103474034589,2.021180797519913,2.0
SSD,South Sudan,East Africa,2019,6.671000004,21.3171365460584,0.0019187626590366,,,0.3129,5.968693491756466,0.0014626667158185657,3.3488106933828052,3.11
SSD,South Sudan,East Africa,2021,,30.151042999214,0.0018406409848165,,,,,0.0012616114576364996,8.261377228082214,4.13
SSD,South Sudan,East Africa,2022,,48.4888320004297,0.0018146882134276,,,,,0.001194818967534017,18.459086366780564,9.23
SSD,South Sudan,East Africa,2023,,46.6152369503945,0.0017416484040317,,,,,0.0010068424823618234,17.417173551517102,8.71
STP,Sao Tome and Principe,West Africa,2015,25.81999969,92.3511291071491,0.656045453864627,46.9571385744385,,0.2796,26.42481872777298,1.6849341501045167,42.851064484744576,23.65
STP,Sao Tome and Principe,West Africa,2016,28.0,87.4112004084658,0.69959595265331,68.1428492464163,,0.3203,28.753627547406424,1.79701644820334,40.10395271288695,23.55
STP,Sao Tome and Principe,West Africa,2017,32.61640167,84.0522781079383,0.714596318307001,34.6641558499787,,0.388,33.68514837093628,1.8356216422091831,38.23604417505853,24.59
STP,Sao Tome and Principe,West Africa,2018,37.99380112,77.3644421396185,0.740768934329906,45.9673386504362,,0.4911,39.42961327234357,1.9029799281691036,34.516915005902476,25.28
STP,Sao Tome and Principe,West Africa,2019,44.25790024,77.6791069955762,0.769475894129115,17.0302488293151,,0.5698,46.12130464999942,1.9768606440097678,34.69190124208473,27.6
STP,Sao Tome and Principe,West Africa,2020,51.55469894,80.1172764274381,1.15528778715478,10.1711732976649,,0.6435,53.91618848084156,2.9697926380610253,36.0477758622663,30.98
STP,Sao Tome and Principe,West Africa,2021,54.94950104,85.2577705092336,1.54216281238596,8.17926748262372,,0.6445,57.542722401559274,3.965460727084586,38.906422751042,33.47
STP,Sao Tome and Principe,West Africa,2022,58.56779861,86.7784626941517,2.02470117761428,5.29429381815619,,0.6749,61.40800776616284,5.207329601148864,39.752085038368925,35.46
STP,Sao Tome and Principe,West Africa,2023,58.70130157,63.4540500972405,2.50139688397417,29.2734328924522,,0.9251,61.55062374161432,6.434161709821344,26.78129693089732,31.59
STP,Sao Tome and Principe,West Africa,2024,59.11759949,62.4367400312479,2.9940221452347,,,0.9468,61.99533848006822,7.701990389615052,26.215567215271584,31.97
TGO,Togo,West Africa,2012,,,,,0.15973,,,,,
TGO,Togo,West Africa,2014,,,,,0.19074,,,,,
TGO,Togo,West Africa,2015,7.119999886,63.3574638254671,0.862199121906724,0.804645068568947,,0.1124,6.448342453465089,2.215494706661553,26.727584964516254,11.8
TGO,Togo,West Africa,2016,11.31000042,70.0588130571426,0.620529481672155,0.0998030691143818,,0.1614,10.924355669191664,1.5935296451443905,30.454228907084023,14.32
TGO,Togo,West Africa,2017,12.3602249692905,75.3357270694068,0.627393839501362,0.740557470665412,,0.1641,12.046269359645807,1.611195872211119,33.38873940032966,15.68
TGO,Togo,West Africa,2018,15.5,74.3997114343066,0.316705449644003,0.0906626481003325,,0.2083,15.400367865797465,0.8116029927632054,32.86821780443863,16.36
TGO,Togo,West Africa,2019,20.72730064,73.7224727486533,0.376920048379618,0.0535470312830166,,0.2812,20.984488096178318,0.966572299501433,32.49160298280944,18.15
TGO,Togo,West Africa,2020,29.02370071,75.164019137873,0.607931974735055,0.237930203742775,,0.3861,29.84720686075662,1.561108488852308,33.293252014011,21.57
TGO,Togo,West Africa,2021,30.33839989,70.4496733018494,0.749325974933037,0.32609213809593,,0.4306,31.251648425055688,1.9250024721674537,30.6715876676814,21.28
TGO,Togo,West Africa,2022,35.60749817,72.2147547047011,1.03723561669214,0.301071945203147,,0.4931,36.88041943471641,2.665971581379005,31.653155661031846,23.73
TGO,Togo,West Africa,2023,37.57020187,75.7906769713952,1.22815843837127,0.573585599316818,,0.4957,38.97709880944879,3.157333774890081,33.641738645377664,25.26
TGO,Togo,West Africa,2024,39.48320007,80.8035554767112,1.41538265577438,0.681948279595617,0.22229,0.4886,41.02067974825284,3.6391771780647715,36.42941806198871,27.03
TUN,Tunisia,North Africa,2015,46.4999943435776,128.008569175385,5.03388625276524,7.78542972606668,0.59413,0.3633,48.5164458336535,12.951819056117955,62.6802926660881,41.38
TUN,Tunisia,North Africa,2016,49.5999948415756,123.883093580407,5.55369160408213,7.85596751497277,0.56539,0.4004,51.828054766684254,14.289598874033677,60.386101137676754,42.17
TUN,Tunisia,North Africa,2017,55.5001550633671,123.034053994945,6.8819804955977,7.38975259439514,0.69953,0.4511,58.13096449505877,17.708105564912056,59.91394722974333,45.25
TUN,Tunisia,North Africa,2018,64.1908102327387,125.532926143303,8.6185014951323,6.76449990449832,0.71645,0.5113,67.41485051745366,22.177245293233167,61.30357884465938,50.3
TUN,Tunisia,North Africa,2019,66.6999983024144,124.386924181822,10.0541966829532,6.88585735055521,0.74658,0.5362,70.09531770820365,25.87217463953502,60.66628311207207,52.21
TUN,Tunisia,North Africa,2020,68.55639648,124.041976750236,11.1467984493476,7.64832224466298,,0.5527,72.07843506322494,28.684112970678555,60.47445662878002,53.75
TUN,Tunisia,North Africa,2021,68.31552226,129.846077003661,12.4220429522978,7.16831118373217,,0.5261,71.82111858240374,31.96610372862809,63.702137250056104,55.83
TUN,Tunisia,North Africa,2022,,131.875365428496,13.9309222767522,7.1898860861443,,,,35.8493810031147,64.83063170015707,50.34
TUN,Tunisia,North Africa,2023,,132.653682480562,14.0829860846719,7.70110744284105,,,,36.240734983513356,65.26345655783932,50.75
TUN,Tunisia,North Africa,2024,76.5,117.606816067203,14.9741523024679,,,0.6505,80.56427511204919,38.53425538986443,56.895841076926544,58.66
TZA,Tanzania,East Africa,2015,10.0,76.2492627491202,0.203764013437506,0.816770095267228,,0.1311,9.524933605889522,0.5209350079479472,33.89675981374607,14.65
TZA,Tanzania,East Africa,2016,13.5042328468919,74.3983656514054,0.591695,2.31952756480127,,0.1815,13.268368101039233,1.51932073686104,32.86746940982086,15.89
TZA,Tanzania,East Africa,2017,14.46339989,71.7911684370749,1.37184,2.55837018191353,,0.2015,14.29300862941231,3.5271150648798195,31.41759784366835,16.41
TZA,Tanzania,East Africa,2018,15.49069977,75.7301934140355,1.49944,6.89164359708857,,0.2046,15.390432794894368,3.8555085766695467,33.60810352581188,17.62
TZA,Tanzania,East Africa,2019,16.59090042,80.5835569684446,1.75692,1.28442528941505,,0.2059,16.565733993400368,4.5181634466979075,36.307076115634025,19.13
TZA,Tanzania,East Africa,2020,19.48139954,84.0050558283384,1.86248,2.68761929554671,,0.2319,19.65354082210614,4.789834442814862,38.20978369882586,20.88
TZA,Tanzania,East Africa,2021,22.87540054,86.0162814148027,1.97842,1.68293471092468,,0.2659,23.279218959117383,5.088219581975528,39.328233340803486,22.57
TZA,Tanzania,East Africa,2022,26.86059952,93.0159746238635,0.110774196881278,1.70363565960126,,0.2888,27.536450708143235,0.2816148479198738,43.220787421417675,23.68
TZA,Tanzania,East Africa,2023,28.43190002,105.40028112088,0.10501728326893,5.06811053608461,,0.2698,29.215009397290594,0.2667987579651007,50.107743942331616,26.53
TZA,Tanzania,East Africa,2024,31.16209984,126.559163217786,0.246433216306666,3.00569275084221,,0.2462,32.13157477162195,0.6307491880065031,61.87427290119108,31.55
UGA,Uganda,East Africa,2015,5.699999809,53.8755501186925,0.215083639463292,2.30542251177894,,0.1058,4.931412071378232,0.5500673883770558,21.45465931063758,8.98
UGA,Uganda,East Africa,2016,5.9,58.8633638178484,0.237414982677972,2.05103990718418,,0.1002,5.145064430321784,0.6075397098602099,24.228400100142515,9.99
UGA,Uganda,East Africa,2017,7.417900085,62.0968142578109,,2.05387568901074,,0.1195,6.766577550781089,,26.026533293786947,16.4
UGA,Uganda,East Africa,2018,9.326299667,58.8753608703264,,3.47828668335427,,0.1584,8.80524596635869,,24.235071703337656,16.52
UGA,Uganda,East Africa,2019,11.72579956,59.0598078769828,0.0752797052682096,3.1241230157024,,0.1985,11.368537580536438,0.19026562574113917,24.337643334261145,11.97
UGA,Uganda,East Africa,2020,7.4,62.2824129624858,0.077818750062982,2.10287202929438,,0.1188,6.747455592114858,0.19680015424228914,26.12974538804042,11.02
UGA,Uganda,East Africa,2021,10.0,65.6220730009172,0.0838841644026815,2.34793469732292,,0.1524,9.524933605889522,0.21241020687139323,27.986942113981577,12.57
UGA,Uganda,East Africa,2022,9.636899948,70.1401117953081,0.0850849430150062,2.39571486308791,,0.1374,9.137048063108585,0.21550055095746928,30.499439422108495,13.28
UGA,Uganda,East Africa,2023,9.286999702,76.2966796632588,0.0912969650305002,1.40810780488794,0.4383,0.1217,8.763263355308835,0.23148791557332485,33.92312852693215,14.31
UGA,Uganda,East Africa,2024,8.949831061,83.165031466902,0.207613333991268,1.91593833437355,,0.1076,8.40307932172738,0.5308416842383413,37.74264318876866,15.56
USA,United States,USA,2015,74.5542024462761,101.831958781319,31.3412129772455,21.3904480368657,2.77328,0.7321,78.485655910232,80.65679874931388,48.123387304268526,69.09
USA,United States,USA,2016,85.5444212887222,102.751864866695,32.1144006365866,22.4192942002286,2.83677,0.8325,90.22607560310358,82.6466875480874,48.63495032274154,73.84
USA,United States,USA,2017,87.2748891687657,102.380562632686,32.5702836317829,19.2659699620243,2.88315,0.8525,92.0746665609359,83.81995571233296,48.428467840871896,74.77
USA,United States,USA,2018,88.498903165152,103.935307364,33.0559177307939,18.4842699258676,2.98956,0.8515,93.38223270074954,85.06979181906541,49.29306686934871,75.92
USA,United States,USA,2019,89.4302848575712,105.32074052965,33.835216356436,18.6853939276571,3.14297,0.8491,94.37719122887512,87.07540790376382,50.06351113901874,77.17
USA,United States,USA,2020,90.34470367,103.855170008567,35.7156999293054,19.4939761609452,3.41788,0.8699,95.35402897768395,91.91505213854026,49.248502203357845,78.84
USA,United States,USA,2021,91.2684021,106.324514306135,37.0074278936277,19.9014614131792,3.4689,0.8584,96.34077977794672,95.23946501064681,50.62171327630849,80.73
USA,United States,USA,2022,92.72850037,108.785640656159,37.4887954801437,20.5789833007379,3.48736,0.8524,97.90054548674495,96.47832074887357,51.990354319646215,82.12
USA,United States,USA,2023,93.52559662,112.410910606372,38.0939254696383,21.8459878355521,3.44716,0.832,98.75205214414389,98.03569349448024,54.006379724840095,83.6
USA,United States,USA,2024,94.69380188,113.190481805755,38.8571729185246,24.322982844202,,0.8366,100.0,100.0,54.43990201826854,84.81
ZAF,South Africa,Southern Africa,2015,51.91910172,155.137526067883,2.48458942184794,7.40645815320547,0.73147,0.3347,54.305465676844776,6.390905741859703,77.76680127449447,46.15
ZAF,South Africa,Southern Africa,2016,54.0,143.92861725374,2.00974331775672,6.65712319984824,0.74992,0.3752,56.52840768515305,5.168833800776741,71.53348755050928,44.41
ZAF,South Africa,Southern Africa,2017,56.16740036,153.547950468153,1.94879126044618,5.67982442723305,0.76257,0.3658,58.843756472440475,5.011966558213913,76.88283267724735,46.91
ZAF,South Africa,Southern Africa,2018,62.40000153,157.691905248121,1.88868165955195,5.27331266850248,0.68586,0.3957,65.50179982563326,4.85726747569091,79.18730054560545,49.85
ZAF,South Africa,Southern Africa,2019,69.69689941,162.73854828041,2.09833928490665,4.89552263425361,0.61304,0.4283,73.29678960657901,5.396845875876841,81.99375653474951,53.56
ZAF,South Africa,Southern Africa,2020,72.1128006,158.447269436121,2.15159473337087,5.62171975958479,0.60296,0.4551,75.87760208299326,5.533904996120588,79.60736123462867,53.67
ZAF,South Africa,Southern Africa,2021,74.96859741,163.12806305125,2.75540858002384,5.54756049045268,0.6139,0.4596,78.92833779514051,7.087890494315198,82.21036707258423,56.08
ZAF,South Africa,Southern Africa,2022,78.29319763,160.728511675754,3.12297476001713,5.52196923336353,0.61479,0.4871,82.47987780115604,8.033865013618733,80.87596808974887,57.13
ZAF,South Africa,Southern Africa,2023,78.33670044,171.508619260428,3.4056617766544,4.95551571209936,,0.4568,82.52635014666082,8.761393086744707,86.87082393769725,59.39
ZAF,South Africa,Southern Africa,2024,78.35759735,179.336329840585,5.34791194620067,5.70923344153222,,0.4369,82.54867349592269,13.760000876333198,91.22384139869327,62.51
ZMB,Zambia,East Africa,2015,8.8,70.4778478853307,0.142629874135082,4.2533845527155,,0.1249,8.243020676455062,0.3635991561002563,30.687255652923636,13.1
ZMB,Zambia,East Africa,2016,10.30000019,71.0460770668914,0.18791063697532,22.5255637247844,,0.145,9.845412041217683,0.480134490940566,31.00324990486385,13.78
ZMB,Zambia,East Africa,2017,12.19999981,77.0500111230113,0.205901846878562,4.48475826872894,,0.1583,11.87510710688315,0.5264369721433226,34.34205880860776,15.58
ZMB,Zambia,East Africa,2018,14.2999970950012,86.0723321005416,0.401856748651311,2.14275391250791,,0.1661,14.118451833066734,1.0307498118421,39.35940332482675,18.17
ZMB,Zambia,East Africa,2019,14.47189999,93.0147820773422,0.48013272665923,2.1996059285433,,0.1556,14.302088952821885,1.232202188854607,43.22012424209121,19.58
ZMB,Zambia,East Africa,2020,14.64579964,100.235122888213,0.431897234933218,1.3612623275557,,0.1461,14.487859127621155,1.108062513926634,47.23538123226884,20.94
ZMB,Zambia,East Africa,2021,14.82190037,103.28257957834,0.411108017009319,0.953120510576897,,0.1435,14.675980629846025,1.0545590320975498,48.93008264565272,21.55
ZMB,Zambia,East Africa,2022,15.0,98.4372601156219,0.428949863290405,0.716710301849432,,0.1524,14.866237478533106,1.100477108563524,46.235583403590454,20.73
ZMB,Zambia,East Africa,2023,16.45070076,102.06156495632,0.681389878819039,1.16356588883727,,0.1612,16.415964196020102,1.7501609895643173,48.25107210797927,22.14
ZMB,Zambia,East Africa,2024,17.10099983,108.704779873813,0.789797548725881,1.4719428559393,,0.1573,17.110653184213607,2.0291607969753622,51.945387353397585,23.7
ZWE,Zimbabwe,East Africa,2015,22.74279976,88.5991977366782,1.13887667161631,3.27682760139305,,0.2567,23.13756674717147,2.9275567143614554,40.76460221702607,22.28
ZWE,Zimbabwe,East Africa,2016,23.12000084,88.2100456333277,1.17009972538909,5.16438263725404,,0.2621,23.540515865045336,3.007912892082793,40.54819335986133,22.37
ZWE,Zimbabwe,East Africa,2017,24.39999962,95.136682697741,1.26454162104636,2.58586852030626,,0.2565,24.907888353163944,3.2509701473725254,44.40012066077701,24.19
ZWE,Zimbabwe,East Africa,2018,25.0,85.8627371320218,1.35060459802592,2.06369292021293,,0.2912,25.548845223820273,3.4724632762549406,39.24284682361726,22.75
ZWE,Zimbabwe,East Africa,2019,26.5883007,86.4094297249598,1.33860961244598,4.94971446176859,,0.3077,27.24556455978678,3.4415927790882974,39.546864502667496,23.41
ZWE,Zimbabwe,East Africa,2020,29.29856532,84.9604118996672,1.31037848666133,2.38386758382921,,0.3448,30.140833941925756,3.3689366776917558,38.74106057951496,24.08
ZWE,Zimbabwe,East Africa,2021,32.5923996,90.2538486226365,1.29980547197891,1.05374010425564,,0.3611,33.65950790104779,3.341725788806456,41.68475941045727,26.23
ZWE,Zimbabwe,East Africa,2022,36.25650024,88.9958314912836,1.62150159909829,1.47693113776014,,0.4074,37.57372288868536,4.169648366501499,40.9851716468405,27.58
ZWE,Zimbabwe,East Africa,2023,38.67480087,91.6344110473757,1.5745780720211,1.94218828246376,,0.4221,40.15709859273244,4.048885185918123,42.45249504392831,28.89
ZWE,Zimbabwe,East Africa,2024,41.64279938,94.2451753366358,1.93865437549104,2.79801736625087,,0.4419,43.32769497982512,4.9858781001494386,43.9043502730298,30.74
